datetime,AUDCAD,AUDNZD,USDCHF,AUDUSD,NZDCAD,GBPAUD,CADJPY,EURAUD,CHFJPY,USDCAD,GBPJPY,GBPUSD,EURUSD,EURJPY,USDJPY
2023-11-23 08:00:00+00:00,0.0,0.0,,0.0,0.0,,0.0,,0.0,0.0,-0.0005,0.0023,0.0,0.0,0.0
2023-11-24 08:00:00+00:00,0.0,0.0,,0.0,0.0,,0.0,,0.016,0.0,-0.0204,0.0136,0.0,0.0,0.0
2023-11-27 08:00:00+00:00,0.0,0.0119,,-0.0004,0.0,,0.0348,,0.0299,0.0283,-0.0383,-0.0305,0.0,0.0132,0.0
2023-11-28 08:00:00+00:00,0.0,0.0119,,0.0353,0.0,,0.0348,,0.0299,0.0186,0.0347,-0.0162,0.0093,0.0132,0.0137
2023-11-29 08:00:00+00:00,0.0,0.0265,,0.0898,0.0021,,0.0348,,0.0468,0.0159,0.0391,-0.0951,0.0355,0.0266,0.0242
2023-11-30 08:00:00+00:00,0.0,0.02,,0.1234,-0.0102,,0.0535,,0.0468,0.0587,0.0391,-0.0165,0.048,-0.0034,0.0339
2023-12-01 08:00:00+00:00,0.0,0.0147,,0.1234,0.0115,,0.0535,,0.0665,0.0405,0.0391,0.0343,0.0535,0.0133,0.0698
2023-12-04 08:00:00+00:00,0.0,0.0598,,0.1485,0.0497,,0.0535,,0.0665,0.0666,0.0572,0.0513,0.0549,-0.1859,0.0577
2023-12-05 08:00:00+00:00,0.0021,0.0193,,0.1485,0.0671,,0.0535,,0.0665,0.0896,0.0944,0.0513,-0.0074,-0.273,0.078
2023-12-06 08:00:00+00:00,0.0221,0.0233,,0.1714,0.0671,,0.0535,,0.0665,0.0896,0.1038,0.0513,-0.0552,-0.2778,0.0943
2023-12-07 08:00:00+00:00,0.0448,0.0236,,0.1952,0.0671,,-0.0559,,0.0243,0.0896,-0.0849,0.0653,-0.0698,-0.5097,-0.0052
2023-12-08 08:00:00+00:00,0.0448,0.0759,,0.1952,0.0876,,-0.2602,,-0.2251,0.0896,0.0043,0.0653,-0.047,-0.5525,-0.2167
2023-12-11 08:00:00+00:00,0.0448,0.0759,,0.1952,0.0876,,-0.2254,,-0.1929,0.0896,0.0373,0.0784,-0.1468,-0.5109,-0.181
2023-12-12 08:00:00+00:00,0.0448,0.0759,,0.1952,0.0876,,-0.2254,,-0.1929,0.0896,0.0373,0.0784,-0.1404,-0.5109,-0.181
2023-12-13 08:00:00+00:00,0.0448,0.0885,,0.1952,0.0936,,-0.2254,,-0.1929,0.0896,0.0371,0.1001,-0.1404,-0.5109,-0.181
2023-12-14 08:00:00+00:00,0.0336,0.0964,,0.1407,0.131,,-0.2842,,-0.2913,0.0583,-0.1884,0.1266,-0.1634,-0.6513,-0.2896
2023-12-15 08:00:00+00:00,0.0692,0.1227,,0.1321,0.131,,-0.1641,,-0.2249,-0.0045,0.0355,0.0499,-0.1838,-0.434,-0.2579
2023-12-18 08:00:00+00:00,0.0692,0.1346,,0.1165,0.131,,-0.1353,,-0.1464,-0.0306,-0.006,0.1708,-0.0746,-0.367,-0.1634
2023-12-19 08:00:00+00:00,0.0692,0.1346,,0.0999,0.131,,-0.1361,,-0.132,0.0085,0.1467,0.1708,-0.0752,-0.3595,-0.108
2023-12-20 08:00:00+00:00,0.0692,0.1346,,0.0194,0.1337,,-0.088,,-0.1109,-0.0817,0.173,0.1863,-0.0466,-0.3318,-0.108
2023-12-21 08:00:00+00:00,0.0692,0.1346,,0.0606,0.149,,-0.0642,,-0.1109,-0.0794,0.173,0.1863,-0.0508,-0.3318,-0.108
2023-12-22 08:00:00+00:00,0.0889,0.1346,,-0.0965,0.149,,-0.0642,,-0.1109,-0.1362,0.203,0.1858,-0.1045,-0.3318,-0.1147
2023-12-25 08:00:00+00:00,0.0889,0.1346,,-0.0959,0.149,,-0.0642,,-0.1109,-0.1774,0.203,0.2028,-0.0864,-0.3318,-0.0986
2023-12-26 08:00:00+00:00,0.0889,0.1346,,-0.0921,0.149,,-0.0642,,-0.1109,-0.1802,0.203,0.2028,-0.0749,-0.3318,-0.0972
2023-12-27 08:00:00+00:00,0.0889,0.1346,,-0.1559,0.149,,-0.0701,,-0.114,-0.2137,0.203,0.2139,-0.1576,-0.3321,-0.0897
2023-12-28 08:00:00+00:00,0.1061,0.1346,,-0.1425,0.1631,,-0.0622,,-0.1838,-0.1943,0.2025,0.2248,-0.1881,-0.2985,-0.1991
2023-12-29 08:00:00+00:00,0.1061,0.1346,,-0.032,0.1794,,-0.0335,,-0.2555,-0.1531,0.2511,0.2616,-0.1676,-0.2818,-0.0912
2024-01-01 08:00:00+00:00,0.1061,0.1346,,-0.0199,0.1794,,-0.0318,,-0.1234,-0.1385,0.2225,0.2616,-0.1483,-0.2856,-0.1725
2024-01-02 08:00:00+00:00,0.1061,0.1346,,-0.0199,0.1794,,-0.0114,,-0.0878,-0.1385,0.2868,0.2616,-0.1483,-0.2609,-0.046
2024-01-03 08:00:00+00:00,0.1061,0.1346,,-0.0449,0.1794,,0.0093,,-0.0878,-0.1446,0.3098,0.2615,-0.1629,-0.2414,-0.0149
2024-01-04 08:00:00+00:00,0.123,0.1482,,0.0156,0.1794,,-0.0085,,-0.1185,-0.1401,0.2892,0.2762,-0.1204,-0.2419,-0.041
2024-01-05 08:00:00+00:00,0.112,0.1482,,-0.043,0.1794,,-0.0501,,-0.1722,-0.1581,0.2323,0.2762,-0.1129,-0.2586,-0.1365
2024-01-08 08:00:00+00:00,0.1711,0.1482,,0.0578,0.1985,,0.0527,,-0.1384,-0.1148,0.2455,0.2921,-0.0917,-0.1998,-0.0225
2024-01-09 08:00:00+00:00,0.1711,0.16,,0.0939,0.1985,,0.0527,,-0.094,-0.0956,0.2737,0.2921,-0.0917,-0.1798,0.0887
2024-01-10 08:00:00+00:00,0.1711,0.1835,,0.1151,0.1985,,0.0527,,-0.163,-0.0829,0.1566,0.2921,-0.0917,-0.1926,0.0824
2024-01-11 08:00:00+00:00,0.1711,0.1835,,0.1151,0.1985,,0.0528,,-0.2441,-0.0829,0.0472,0.3039,-0.0917,-0.2498,0.0797
2024-01-12 08:00:00+00:00,0.1711,0.1957,,0.1532,0.1985,,0.0707,,-0.1462,-0.0704,0.0739,0.3178,-0.0917,-0.2024,0.0919
2024-01-15 08:00:00+00:00,0.1711,0.2073,,0.1544,0.2059,,0.0894,,-0.2027,-0.0704,0.0714,0.3178,-0.0917,-0.2383,0.1257
2024-01-16 08:00:00+00:00,0.1913,0.2073,,0.0795,0.2312,,0.0894,,-0.1861,-0.0965,0.0723,0.3173,-0.0921,-0.2605,0.0684
2024-01-17 08:00:00+00:00,0.1872,0.2073,,-0.0327,0.2226,,0.0807,,-0.3299,-0.1367,-0.0764,0.3327,-0.085,-0.4022,-0.0536
2024-01-18 08:00:00+00:00,0.176,0.2187,,0.0042,0.2134,,0.0286,,-0.3274,-0.1015,-0.1476,0.3327,-0.0642,-0.4044,-0.13
2024-01-19 08:00:00+00:00,0.2179,0.2187,,0.0965,0.1905,,0.0049,,-0.3156,-0.0839,-0.1201,0.3327,-0.0652,-0.4186,-0.112
2024-01-22 08:00:00+00:00,0.1486,0.2225,,0.0689,0.1378,,-0.0648,,-0.3156,-0.0579,-0.1289,0.3327,-0.0584,-0.4149,-0.0902
2024-01-23 08:00:00+00:00,0.2227,0.1983,,0.0298,0.1072,,0.098,,-0.3156,-0.0579,-0.0893,0.3327,-0.058,-0.3751,-0.08
2024-01-24 08:00:00+00:00,0.2407,0.2473,,0.1155,0.2431,,0.1124,,-0.3156,-0.0579,-0.0762,0.3405,-0.0378,-0.3751,-0.0639
2024-01-25 08:00:00+00:00,0.2407,0.2473,,0.1155,0.2431,,0.1124,,-0.3156,-0.0553,-0.0762,0.3454,-0.0378,-0.3751,-0.0639
2024-01-26 08:00:00+00:00,0.2407,0.2473,,0.1155,0.2508,,0.1124,,-0.3156,-0.0458,-0.0762,0.3454,-0.0229,-0.3751,-0.0639
2024-01-29 08:00:00+00:00,0.2407,0.2473,,0.1155,0.2473,,0.1138,,-0.3094,-0.0458,-0.0623,0.3454,-0.0233,-0.3751,-0.0639
2024-01-30 08:00:00+00:00,0.2407,0.2473,,0.1155,0.2562,,0.1271,,-0.299,-0.0431,-0.0623,0.3454,-0.0101,-0.361,-0.0639
2024-01-31 08:00:00+00:00,0.2531,0.2581,,0.1155,0.2562,,0.1408,,-0.299,-0.0242,-0.0623,0.358,0.0025,-0.3576,-0.0639
2024-02-01 08:00:00+00:00,0.2376,0.2672,,0.1022,0.2562,,0.1513,,-0.281,-0.0118,-0.0545,0.3621,0.0043,-0.36,-0.0237
2024-02-02 08:00:00+00:00,0.3043,0.2827,,0.1391,0.2744,,0.1584,,-0.2819,-0.0089,0.0135,0.3731,0.0175,-0.3369,-0.0005
2024-02-05 08:00:00+00:00,0.3036,0.2827,,0.1224,0.2814,,0.1757,,-0.2819,0.0041,0.0135,0.3496,-0.0033,-0.3369,0.0019
2024-02-06 08:00:00+00:00,0.3243,0.2948,,0.1896,0.2938,,0.1757,,-0.2819,0.0088,0.0135,0.3361,-0.016,-0.3369,-0.0092
2024-02-07 08:00:00+00:00,0.3243,0.288,,0.2128,0.2938,,0.1757,,-0.2696,0.0179,0.0135,0.4025,0.0212,-0.3369,0.015
2024-02-08 08:00:00+00:00,0.3239,0.2814,,0.2121,0.2938,,0.1528,,-0.2552,0.0179,0.0064,0.4025,0.0333,-0.3415,-0.0025
2024-02-09 08:00:00+00:00,0.3259,0.2147,,0.225,0.2951,,0.107,,-0.2552,0.0179,-0.0053,0.4131,0.0429,-0.3556,-0.0197
2024-02-12 08:00:00+00:00,0.3407,0.295,,0.2271,0.3243,,0.1515,,-0.2552,0.0287,0.0173,0.4131,0.0429,-0.321,0.0112
2024-02-13 08:00:00+00:00,0.3407,0.336,,0.2271,0.3243,,0.1113,,-0.2557,0.0287,-0.0684,0.4131,0.0429,-0.3651,-0.0228
2024-02-14 08:00:00+00:00,0.3572,0.3494,,0.2423,0.3243,,0.0688,,-0.2417,0.0353,-0.0571,0.4069,0.0369,-0.39,-0.1113
2024-02-15 08:00:00+00:00,0.3572,0.3494,,0.2591,0.3243,,0.1418,,-0.2341,0.0323,0.0142,0.4057,0.0517,-0.382,-0.0948
2024-02-16 08:00:00+00:00,0.3572,0.3494,,0.2591,0.3383,,0.1583,,-0.2282,0.0412,0.0176,0.4269,0.0517,-0.4527,-0.0843
2024-02-19 08:00:00+00:00,0.3572,0.3494,,0.2708,0.3495,,0.1642,,-0.2282,0.0412,0.0342,0.4269,0.0517,-0.4283,-0.0777
2024-02-20 08:00:00+00:00,0.3587,0.3494,,0.2719,0.3108,,0.1594,,-0.2282,0.0412,0.046,0.4269,0.0547,-0.498,-0.0883
2024-02-21 08:00:00+00:00,0.3595,0.3392,,0.2747,0.2412,,0.174,,-0.2282,0.0412,0.0363,0.4395,0.0734,-0.4998,-0.0734
2024-02-22 08:00:00+00:00,0.3924,0.3588,,0.2943,0.2803,,0.1665,,-0.2256,0.0455,-0.0153,0.4358,0.0403,-0.563,-0.0655
2024-02-23 08:00:00+00:00,0.3924,0.3515,,0.3026,0.2744,,0.1601,,-0.204,0.0528,-0.0802,0.4524,0.0979,-0.5671,-0.0728
2024-02-26 08:00:00+00:00,0.3924,0.3732,,0.3026,0.274,,0.185,,-0.1914,0.0528,-0.1102,0.463,0.0975,-0.6212,-0.0752
2024-02-27 08:00:00+00:00,0.3924,0.3845,,0.3026,0.3525,,0.185,,-0.1821,0.0528,-0.0527,0.4666,0.0943,-0.5838,-0.0598
2024-02-28 08:00:00+00:00,0.3924,0.3974,,0.2954,0.3603,,0.185,,-0.1821,0.0416,-0.0545,0.4742,0.1058,-0.5568,-0.0556
2024-02-29 08:00:00+00:00,0.3924,0.3964,,0.2927,0.3453,,0.1954,,-0.1724,0.0419,-0.0178,0.4742,0.1058,-0.5289,-0.0397
2024-03-01 08:00:00+00:00,0.3924,0.4107,,0.3341,0.355,,0.2094,,-0.1719,0.0775,-0.0034,0.4742,0.1058,-0.5155,-0.0266
2024-03-04 08:00:00+00:00,0.3924,0.4144,,0.3341,0.3554,,0.2094,,-0.1568,0.0882,-0.0034,0.4849,0.1058,-0.5155,-0.0266
2024-03-05 08:00:00+00:00,0.3924,0.4213,,0.3411,0.3449,,0.2094,,-0.1568,0.0926,0.01,0.4941,0.1145,-0.5155,-0.0266
2024-03-06 08:00:00+00:00,0.3924,0.4213,,0.3511,0.3605,,0.2107,,-0.1546,0.0992,0.01,0.498,0.1232,-0.5155,-0.0149
2024-03-07 08:00:00+00:00,0.3765,0.4276,,0.3027,0.3605,,0.2037,,-0.2249,0.0992,-0.0151,0.4773,0.1186,-0.5681,-0.1367
2024-03-08 08:00:00+00:00,0.3518,0.415,,0.2103,0.372,,0.1855,,-0.2507,0.0916,0.0457,0.3809,0.1522,-0.4776,-0.2641
2024-03-11 08:00:00+00:00,0.389,0.4571,,0.3033,0.3844,,0.1222,,-0.3103,0.1259,0.061,0.3386,0.147,-0.4911,-0.2796
2024-03-12 08:00:00+00:00,0.3865,0.4571,,0.3066,0.3969,,0.2318,,-0.1997,0.1259,0.0665,0.3593,0.1533,-0.4557,-0.2429
2024-03-13 08:00:00+00:00,0.3825,0.4675,,0.3102,0.3969,,0.3026,,-0.1512,0.1259,0.0866,0.3593,0.1659,-0.4557,-0.2042
2024-03-14 08:00:00+00:00,0.384,0.478,,0.274,0.3969,,0.3087,,-0.211,0.1342,0.0866,0.3615,0.1673,-0.4557,-0.2042
2024-03-15 08:00:00+00:00,0.4121,0.4731,,0.3714,0.3918,,0.3087,,-0.1708,0.1342,0.0866,0.3704,0.1831,-0.4557,-0.2042
2024-03-18 08:00:00+00:00,0.4121,0.4651,,0.3714,0.3926,,0.322,,-0.1708,0.1342,0.0866,0.3704,0.1831,-0.4554,-0.2013
2024-03-19 08:00:00+00:00,0.413,0.4852,,0.3533,0.3438,,0.3099,,-0.1713,0.1347,0.0822,0.3593,0.1741,-0.4497,-0.2842
2024-03-20 08:00:00+00:00,0.4289,0.4378,,0.3523,0.3216,,0.2127,,-0.2141,0.1529,-0.0549,0.3811,0.1947,-0.5664,-0.4329
2024-03-21 08:00:00+00:00,0.4289,0.3609,,0.4217,0.3568,,0.1678,,-0.1302,0.1848,-0.1133,0.4214,0.2138,-0.6595,-0.3889
2024-03-22 08:00:00+00:00,0.4289,0.3757,,0.4182,0.2049,,0.2195,,-0.1302,0.1848,-0.0839,0.3575,0.2004,-0.63,-0.4041
2024-03-25 08:00:00+00:00,0.4289,0.3081,,0.4415,0.2289,,0.249,,-0.1302,0.1895,-0.0839,0.4122,0.2206,-0.63,-0.3984
2024-03-26 08:00:00+00:00,0.4289,0.3059,,0.4415,0.207,,0.2011,,-0.1302,0.1954,-0.0839,0.4296,0.2326,-0.6353,-0.4032
2024-03-27 08:00:00+00:00,0.4289,0.3112,,0.457,0.2052,,0.2684,,-0.1949,0.1993,-0.0839,0.3888,0.2283,-0.621,-0.3804
2024-03-28 08:00:00+00:00,0.428,0.3277,,0.4555,0.1125,,0.2684,,-0.161,0.2127,-0.0839,0.3843,0.1934,-0.621,-0.3829
2024-03-29 08:00:00+00:00,0.4303,0.3205,,0.4872,0.0469,,0.2753,,-0.0958,0.2165,-0.0839,0.3874,0.1983,-0.621,-0.3828
2024-04-01 04:00:00+00:00,0.431,0.3148,,0.4872,0.0457,,0.2838,,-0.0958,0.2165,-0.0839,0.3919,0.1938,-0.621,-0.385
2024-04-02 04:00:00+00:00,0.4231,0.3068,,0.5003,0.0292,,0.2894,,-0.0964,0.2165,-0.0767,0.3203,0.1399,-0.616,-0.4033
2024-04-03 04:00:00+00:00,0.4411,0.3173,,0.5009,0.0793,,0.2894,,-0.1001,0.2165,-0.0719,0.3224,0.1493,-0.6098,-0.4109
2024-04-04 04:00:00+00:00,0.4402,0.2985,,0.4602,0.0851,,0.2598,,-0.0837,0.2281,-0.0873,0.3367,0.1459,-0.631,-0.4142
2024-04-05 04:00:00+00:00,0.4279,0.2875,,0.481,0.0852,,0.3115,,-0.0837,0.2368,-0.0483,0.3464,0.1793,-0.585,-0.3792
2024-04-08 00:00:00+00:00,0.4159,0.2742,,0.5416,0.0994,,0.3243,,-0.0837,0.2495,-0.0483,0.357,0.1793,-0.5822,-0.3792
2024-04-09 00:00:00+00:00,0.3814,0.2845,,0.5402,0.0779,,0.3243,,-0.0837,0.2495,-0.0529,0.357,0.1797,-0.5987,-0.3784
2024-04-10 00:00:00+00:00,0.3616,0.3004,,0.5278,0.0089,,0.3243,,-0.0837,0.2495,-0.0585,0.3582,0.1813,-0.5871,-0.3724
2024-04-11 00:00:00+00:00,0.495,0.3211,,0.5834,0.1468,,0.3243,,-0.0837,0.2535,-0.0335,0.3702,0.1904,-0.5686,-0.3665
2024-04-12 00:00:00+00:00,0.495,0.3211,,0.6003,0.1468,,0.3243,,-0.0837,0.2519,-0.0203,0.3788,0.1784,-0.5686,-0.3778
2024-04-14 20:00:00+00:00,0.495,0.3211,,0.5597,0.1468,,0.3355,,-0.0837,0.2085,-0.0087,0.3105,0.0866,-0.5377,-0.3468
2024-04-15 20:00:00+00:00,0.495,0.3211,,0.4925,0.1466,,0.353,,-0.0994,0.1813,-0.0027,0.2953,0.0444,-0.5231,-0.4078
2024-04-16 20:00:00+00:00,0.4957,0.3338,,0.413,0.1833,,0.353,,-0.1317,0.1371,-0.0027,0.2678,0.0327,-0.5231,-0.4677
2024-04-17 20:00:00+00:00,0.4991,0.3318,,0.4945,0.1808,,0.353,,-0.1358,0.2047,-0.0027,0.3034,0.0589,-0.5231,-0.4321
2024-04-18 20:00:00+00:00,0.4841,0.3318,,0.4471,0.1808,,0.353,,-0.1342,0.2057,-0.0027,0.274,0.0529,-0.5231,-0.4716
2024-04-19 20:00:00+00:00,0.4618,0.3318,,0.3109,0.1777,,0.3699,,-0.2238,0.2624,0.0148,0.1694,0.0859,-0.5065,-0.353
2024-04-22 16:00:00+00:00,0.4921,0.3318,,0.3329,0.1948,,0.3526,,-0.2158,0.2624,0.033,0.1751,0.0962,-0.5065,-0.3657
2024-04-23 16:00:00+00:00,0.5271,0.331,,0.3329,0.2043,,0.318,,-0.1932,0.2607,0.033,0.2,0.0962,-0.5201,-0.3683
2024-04-24 16:00:00+00:00,0.5424,0.355,,0.3501,0.2158,,0.3097,,-0.1932,0.2736,0.0325,0.2,0.0962,-0.5542,-0.4234
2024-04-25 16:00:00+00:00,0.5587,0.3642,,0.3889,0.2158,,0.2235,,-0.1815,0.2798,-0.0205,0.2137,0.1091,-0.6286,-0.4593
2024-04-26 16:00:00+00:00,0.5636,0.3537,,0.3881,0.2158,,0.1588,,-0.1566,0.2861,-0.2558,0.2286,0.12,-0.7899,-0.4241
2024-04-29 12:00:00+00:00,0.5587,0.3702,,0.3337,0.2158,,0.2802,,-0.0466,0.2983,-0.1927,0.2141,0.12,-0.9303,-0.5675
2024-04-30 12:00:00+00:00,0.5961,0.3871,,0.4328,0.2285,,0.2802,,-0.0466,0.3004,-0.1617,0.2569,0.12,-0.9303,-0.5675
2024-05-01 12:00:00+00:00,0.5961,0.3943,,0.4328,0.2285,,0.2802,,-0.0466,0.2942,-0.1577,0.2569,0.131,-0.9303,-0.5675
2024-05-02 12:00:00+00:00,0.6134,0.4065,,0.4328,0.2285,,0.3196,,-0.008,0.3094,-0.1196,0.2684,0.131,-0.8897,-0.5258
2024-05-03 12:00:00+00:00,0.5404,0.4201,,0.3717,0.1619,,0.2902,,0.0027,0.3302,-0.1353,0.3031,0.1257,-0.8897,-0.5463
2024-05-06 08:00:00+00:00,0.5193,0.4201,,0.3406,0.1664,,0.3312,,0.0206,0.3232,-0.0866,0.2978,0.1246,-0.8594,-0.4495
2024-05-07 08:00:00+00:00,0.5609,0.4201,,0.3906,0.1863,,0.351,,0.0206,0.3232,-0.0866,0.3109,0.1305,-0.8594,-0.4495
2024-05-08 08:00:00+00:00,0.5676,0.4201,,0.4689,0.159,,0.351,,0.0247,0.3206,-0.0866,0.3219,0.1516,-0.859,-0.4495
2024-05-09 08:00:00+00:00,0.5609,0.431,,0.4689,0.1609,,0.351,,0.0099,0.3346,-0.0866,0.3236,0.1516,-0.864,-0.4498
2024-05-10 08:00:00+00:00,0.5582,0.431,,0.4699,0.1818,,0.3436,,-0.0038,0.3346,-0.0865,0.3327,0.1464,-0.8973,-0.4346
2024-05-13 04:00:00+00:00,0.5922,0.431,,0.4818,0.231,,0.3692,,-0.0243,0.3456,-0.0781,0.3327,0.1491,-0.9087,-0.4255
2024-05-14 04:00:00+00:00,0.5922,0.431,,0.4946,0.231,,0.3362,,-0.0585,0.3456,-0.139,0.3366,0.1461,-0.994,-0.4568
2024-05-15 04:00:00+00:00,0.5922,0.431,,0.4765,0.2298,,0.3327,,-0.0825,0.3521,-0.1611,0.3374,0.0976,-1.0064,-0.4328
2024-05-16 04:00:00+00:00,0.59,0.433,,0.3909,0.1581,,0.4014,,0.0247,0.3527,-0.0478,0.2504,0.0353,-0.9827,-0.4401
2024-05-17 04:00:00+00:00,0.6306,0.4136,,0.4574,0.1357,,0.4059,,0.0247,0.3642,-0.0606,0.2876,0.0482,-0.9969,-0.373
2024-05-20 00:00:00+00:00,0.6268,0.4551,,0.3414,0.123,,0.4115,,0.0247,0.3411,-0.0931,0.209,0.0517,-1.0012,-0.373
2024-05-21 00:00:00+00:00,0.6482,0.4649,,0.5049,0.1794,,0.416,,0.0247,0.3731,-0.1665,0.2032,0.0649,-1.0401,-0.3734
2024-05-22 00:00:00+00:00,0.6482,0.4641,,0.5049,0.0396,,0.4337,,0.0247,0.3731,-0.169,0.216,0.0749,-1.0315,-0.3483
2024-05-23 00:00:00+00:00,0.6482,0.4247,,0.5183,0.0359,,0.4337,,0.0247,0.3793,-0.2613,0.2397,0.0792,-1.0403,-0.3631
2024-05-24 00:00:00+00:00,0.6482,0.4096,-0.0069,0.5125,0.0349,-0.0025,0.4467,-0.009,0.0247,0.3822,-0.2399,0.2548,0.0792,-1.0176,-0.3904
2024-05-26 20:00:00+00:00,0.6482,0.4058,-0.0019,0.5374,0.0511,0.0003,0.4496,-0.0071,0.0247,0.3962,-0.2767,0.2583,0.0792,-1.0714,-0.3769
2024-05-27 20:00:00+00:00,0.6482,0.409,0.0067,0.5374,0.0243,0.0123,0.4316,0.0123,0.0247,0.3962,-0.3167,0.2409,0.0792,-1.0992,-0.3766
2024-05-28 20:00:00+00:00,0.6482,0.4199,0.016,0.5649,0.03,0.0226,0.4156,0.0123,0.0157,0.4065,-0.3483,0.2556,0.0936,-1.1457,-0.4168
2024-05-29 20:00:00+00:00,0.6482,0.4057,0.016,0.5701,0.0206,0.0464,0.4662,0.0123,0.0021,0.401,-0.3122,0.271,0.0873,-1.1206,-0.4751
2024-05-30 20:00:00+00:00,0.6482,0.4603,-0.0182,0.5805,0.055,0.0528,0.4877,0.0123,-0.0148,0.4165,-0.2394,0.271,0.1027,-1.1089,-0.3686
2024-05-31 20:00:00+00:00,0.6482,0.4603,-0.0391,0.5805,0.0661,0.0528,0.5003,0.0123,-0.0646,0.4165,-0.2411,0.271,0.1133,-1.1089,-0.3686
2024-06-03 16:00:00+00:00,0.6482,0.462,-0.1254,0.5818,0.0365,0.0528,0.5144,0.0123,-0.0713,0.4402,-0.2276,0.2668,0.107,-1.1089,-0.3611
2024-06-04 16:00:00+00:00,0.6482,0.4291,-0.1874,0.5986,0.0057,0.0655,0.4908,0.0123,-0.0242,0.4402,-0.2266,0.2915,0.1233,-1.1019,-0.3735
2024-06-05 16:00:00+00:00,0.6482,0.4008,-0.1342,0.5986,-0.0504,0.0748,0.6043,0.0123,-0.1273,0.4527,-0.2057,0.2933,0.1233,-1.09,-0.3071
2024-06-06 16:00:00+00:00,0.6482,0.4268,-0.1832,0.5986,-0.0451,0.0774,0.6043,0.0123,-0.1959,0.4527,-0.2057,0.3042,0.1372,-1.09,-0.3071
2024-06-07 16:00:00+00:00,0.6482,0.4792,-0.0863,0.5916,0.077,0.0717,0.6242,0.0122,-0.1949,0.4484,-0.2057,0.3146,0.1426,-1.09,-0.2855
2024-06-10 12:00:00+00:00,0.6482,0.4887,-0.0863,0.6154,0.077,0.0896,0.6242,0.0265,-0.203,0.449,-0.2057,0.3223,0.0984,-1.0886,-0.2855
2024-06-11 12:00:00+00:00,0.6482,0.4887,-0.0863,0.6165,0.077,0.1155,0.6242,0.047,-0.1928,0.4519,-0.2057,0.3238,0.0835,-1.0636,-0.2708
2024-06-12 12:00:00+00:00,0.6473,0.5136,-0.0869,0.6299,0.076,0.1155,0.6242,0.0153,-0.1781,0.4821,-0.1928,0.3233,0.1816,-1.0591,-0.2592
2024-06-13 12:00:00+00:00,0.6822,0.5057,-0.0612,0.6642,0.0901,0.1155,0.6242,0.0705,-0.1832,0.4821,-0.1794,0.3456,0.1812,-1.0591,-0.245
2024-06-14 12:00:00+00:00,0.6822,0.5161,-0.0696,0.6642,0.1011,0.1155,0.643,0.061,-0.2471,0.4821,-0.1606,0.3395,0.1329,-1.03,-0.2258
2024-06-17 08:00:00+00:00,0.6822,0.5161,-0.0572,0.6642,0.1014,0.1155,0.643,0.085,-0.2718,0.4821,-0.1606,0.3293,0.1453,-1.021,-0.2258
2024-06-18 08:00:00+00:00,0.6822,0.5171,-0.0974,0.6642,0.1135,0.1155,0.643,0.0984,-0.4183,0.4821,-0.1606,0.3346,0.1544,-1.021,-0.2243
2024-06-19 08:00:00+00:00,0.687,0.5195,-0.1528,0.6571,0.1246,0.1141,0.6423,0.0982,-0.4248,0.4821,-0.1606,0.3557,0.2027,-1.021,-0.2108
2024-06-20 08:00:00+00:00,0.6873,0.5146,-0.0114,0.66,0.1246,0.0871,0.6212,0.0596,-0.4093,0.4821,-0.1577,0.3553,0.2023,-1.021,-0.238
2024-06-21 08:00:00+00:00,0.6974,0.5621,-0.0114,0.6609,0.1296,0.051,0.5555,0.03,-0.419,0.4898,-0.151,0.3345,0.1875,-1.0092,-0.2825
2024-06-24 04:00:00+00:00,0.6974,0.5723,-0.0114,0.6779,0.1158,0.0831,0.4675,0.0813,-0.4522,0.4898,-0.1685,0.3435,0.2141,-1.0317,-0.3689
2024-06-25 04:00:00+00:00,0.6974,0.5691,-0.0114,0.6779,0.0997,0.0923,0.4941,0.1198,-0.4419,0.4792,-0.1283,0.3719,0.219,-0.968,-0.3431
2024-06-26 04:00:00+00:00,0.6974,0.5728,-0.0209,0.6828,0.0861,0.1217,0.501,0.1022,-0.4408,0.5176,-0.1392,0.3719,0.2302,-0.9676,-0.3618
2024-06-27 04:00:00+00:00,0.6974,0.5736,-0.0321,0.6943,0.0714,0.1193,0.4883,0.1154,-0.4673,0.5202,-0.1413,0.3674,0.2272,-0.9892,-0.4051
2024-06-28 04:00:00+00:00,0.6974,0.6188,-0.0661,0.6943,0.0227,0.1474,0.4748,0.1352,-0.4692,0.5202,-0.1862,0.3981,0.2376,-1.0308,-0.4573
2024-07-01 00:00:00+00:00,0.6974,0.6196,-0.0702,0.6943,0.0747,0.1612,0.427,0.1501,-0.3911,0.5202,-0.2145,0.411,0.2372,-1.1412,-0.4801
2024-07-02 00:00:00+00:00,0.6974,0.5881,-0.1557,0.6943,0.0384,0.1612,0.45,0.1501,-0.3838,0.5179,-0.2566,0.411,0.2484,-1.1821,-0.5597
2024-07-03 00:00:00+00:00,0.6974,0.5767,-0.1689,0.6943,0.015,0.1612,0.35,0.1501,-0.3838,0.5318,-0.3253,0.411,0.2484,-1.1889,-0.5617
2024-07-04 00:00:00+00:00,0.6974,0.5677,-0.1755,0.6985,-0.0211,0.1612,0.3419,0.1501,-0.3642,0.5365,-0.3641,0.424,0.2546,-1.2256,-0.5201
2024-07-05 00:00:00+00:00,0.6974,0.5489,-0.1636,0.676,-0.0211,0.1612,0.3524,0.1501,-0.3537,0.5232,-0.3219,0.41,0.2322,-1.1814,-0.4979
2024-07-07 20:00:00+00:00,0.6899,0.5807,-0.1649,0.6618,-0.0188,0.1612,0.365,0.1501,-0.3358,0.5408,-0.3628,0.3774,0.2295,-1.1945,-0.4979
2024-07-08 20:00:00+00:00,0.6977,0.5574,-0.1515,0.6689,-0.0102,0.1612,0.365,0.1604,-0.3164,0.5408,-0.376,0.3691,0.224,-1.2346,-0.4979
2024-07-09 20:00:00+00:00,0.7108,0.5995,-0.1515,0.67,-0.0102,0.1612,0.3645,0.1604,-0.3149,0.5408,-0.3973,0.4108,0.2428,-1.2667,-0.4979
2024-07-10 20:00:00+00:00,0.7108,0.5907,-0.1515,0.6504,-0.0126,0.1612,0.3475,0.1604,-0.3168,0.5451,-0.531,0.3093,0.2205,-1.3462,-0.498
2024-07-11 20:00:00+00:00,0.7039,0.5708,-0.1329,0.5635,0.0197,0.1593,0.4179,0.1604,-0.2897,0.5567,-0.5135,0.2642,0.1375,-1.3313,-0.4629
2024-07-12 20:00:00+00:00,0.7011,0.5997,-0.1316,0.5411,0.0347,0.1404,0.3359,0.1604,-0.3331,0.5567,-0.4961,0.2082,0.104,-1.3081,-0.5327
2024-07-15 16:00:00+00:00,0.6927,0.5508,-0.1187,0.5906,0.0347,0.1152,0.304,0.1604,-0.3482,0.562,-0.4961,0.2295,0.1145,-1.3107,-0.5236
2024-07-16 16:00:00+00:00,0.7446,0.5436,-0.1187,0.6069,0.0495,0.0464,0.3473,0.1482,-0.2762,0.5632,-0.4961,0.2225,0.1103,-1.2834,-0.4829
2024-07-17 16:00:00+00:00,0.7446,0.611,-0.2237,0.6069,0.0651,-0.0006,0.235,0.0853,-0.3086,0.5709,-0.5379,0.1228,0.0575,-1.3023,-0.7165
2024-07-18 16:00:00+00:00,0.7446,0.611,-0.1341,0.6062,0.0651,0.0068,0.3021,0.0889,-0.2658,0.5739,-0.5003,0.1434,0.0772,-1.2398,-0.6658
2024-07-19 16:00:00+00:00,0.7446,0.611,-0.0934,0.5894,0.0543,0.0039,0.2997,0.0594,-0.255,0.5734,-0.5227,0.1434,0.0766,-1.2005,-0.6598
2024-07-22 12:00:00+00:00,0.7324,0.611,-0.0728,0.4938,0.0223,-0.0758,0.2772,-0.0351,-0.2335,0.5802,-0.5557,0.1434,0.0766,-1.1943,-0.6374
2024-07-23 12:00:00+00:00,0.7103,0.611,-0.0728,0.4164,-0.0101,-0.1464,0.1855,-0.0422,-0.3122,0.5737,-0.6551,0.1434,0.0777,-1.274,-0.7257
2024-07-24 12:00:00+00:00,0.6892,0.6207,-0.093,0.4064,-0.1032,-0.1742,-0.0267,-0.0737,-0.4735,0.5526,-0.8048,0.1518,0.0917,-1.4957,-0.9176
2024-07-25 12:00:00+00:00,0.6033,0.6334,-0.135,0.3067,-0.1513,-0.3292,0.0802,-0.1843,-0.4062,0.5297,-0.7381,0.1655,0.1113,-1.4343,-0.836
2024-07-26 12:00:00+00:00,0.6574,0.6334,-0.0788,0.3251,-0.1424,-0.3155,0.1375,-0.172,-0.3649,0.4943,-0.7796,0.1568,0.1074,-1.3782,-0.8053
2024-07-29 08:00:00+00:00,0.628,0.6334,-0.0154,0.2808,-0.181,-0.3024,0.1318,-0.1623,-0.3825,0.4752,-0.8352,0.1314,0.107,-1.4011,-0.8055
2024-07-30 08:00:00+00:00,0.623,0.6334,-0.0154,0.2621,-0.1093,-0.2904,0.1684,-0.1686,-0.3552,0.4434,-0.6213,0.1513,0.1147,-1.3492,-0.7751
2024-07-31 08:00:00+00:00,0.4892,0.5691,-0.0315,0.1913,-0.0732,-0.269,-0.0713,-0.2023,-0.3534,0.4544,-0.5794,0.1422,0.1285,-1.3051,-0.6962
2024-08-01 08:00:00+00:00,0.5183,0.5699,-0.0777,0.2068,-0.0732,-0.2291,-0.0125,-0.0777,-0.2549,0.4544,-0.5581,0.1055,0.1314,-1.2788,-0.6295
2024-08-02 08:00:00+00:00,0.5518,0.5165,-0.2067,0.2048,-0.0811,-0.2291,-0.2969,-0.0528,-0.2712,0.4508,-0.7419,-0.0016,0.1472,-1.3628,-0.6471
2024-08-05 04:00:00+00:00,0.5509,0.3544,-0.3026,0.1402,-0.0199,-0.2296,-0.6029,-0.3161,-0.4064,0.474,-1.2266,0.0315,0.1319,-1.9505,-1.332
2024-08-06 04:00:00+00:00,0.5795,0.3972,-0.1934,0.1705,-0.0199,-0.1764,-0.3099,-0.2482,-0.1144,0.4807,-1.1415,0.0322,0.1581,-1.8665,-1.2261
2024-08-07 04:00:00+00:00,0.5795,0.3905,-0.1592,0.1705,-0.0127,-0.1719,-0.2316,-0.2193,-0.0705,0.4807,-0.9464,0.0329,0.1869,-1.7886,-1.1605
2024-08-08 04:00:00+00:00,0.5795,0.4052,-0.1233,0.1705,0.0032,-0.1295,-0.2316,-0.2193,-0.0705,0.4785,-0.9779,0.034,0.1778,-1.7886,-1.1494
2024-08-09 04:00:00+00:00,0.5795,0.4196,-0.1233,0.1785,0.0032,-0.1432,-0.2316,-0.2193,-0.0705,0.477,-0.8915,0.0484,0.1929,-1.7886,-1.1022
2024-08-12 00:00:00+00:00,0.5795,0.4196,-0.1233,0.1958,0.0032,-0.1266,-0.2316,-0.2193,-0.0705,0.4776,-0.8915,0.0484,0.1929,-1.7886,-1.1022
2024-08-13 00:00:00+00:00,0.5795,0.4196,-0.1233,0.2125,-0.0019,-0.1123,-0.2316,-0.2193,-0.0705,0.4781,-0.8915,0.0484,0.1914,-1.7886,-1.1022
2024-08-14 00:00:00+00:00,0.5849,0.4338,-0.1233,0.2069,0.0382,-0.0875,-0.2316,-0.2033,-0.0647,0.4718,-0.8915,0.0355,0.1682,-1.7886,-1.0783
2024-08-15 00:00:00+00:00,0.5965,0.452,-0.1233,0.2454,0.0382,-0.073,-0.2316,-0.1706,-0.0536,0.4683,-0.8915,0.058,0.151,-1.7671,-1.0783
2024-08-16 00:00:00+00:00,0.5965,0.4534,-0.126,0.2804,0.0382,-0.073,-0.2223,-0.1858,-0.0536,0.4803,-0.8964,0.0703,0.2371,-1.7646,-1.0804
2024-08-18 20:00:00+00:00,0.5954,0.4677,-0.108,0.2411,0.0382,-0.073,-0.2074,-0.1858,-0.0536,0.4341,-0.882,0.0073,0.2191,-1.7453,-1.0542
2024-08-19 20:00:00+00:00,0.5537,0.4677,-0.108,0.095,0.0154,-0.083,-0.1797,-0.1999,-0.012,0.377,-0.8469,-0.0575,0.1323,-1.7217,-0.9651
2024-08-20 20:00:00+00:00,0.5415,0.4677,-0.1888,0.0511,-0.0494,-0.074,-0.1797,-0.1887,-0.012,0.3557,-0.8469,-0.0858,0.0944,-1.7217,-0.9511
2024-08-21 20:00:00+00:00,0.5681,0.4741,-0.225,0.0479,-0.0215,-0.0627,-0.1797,-0.1761,0.0093,0.3334,-0.8469,-0.1391,0.1042,-1.7217,-0.8976
2024-08-22 20:00:00+00:00,0.6293,0.463,-0.2084,0.0978,0.0155,-0.0776,-0.1797,-0.1761,0.0091,0.3422,-0.8376,-0.1462,0.123,-1.7217,-0.8709
2024-08-23 20:00:00+00:00,0.638,0.432,-0.3206,-0.018,-0.1436,-0.0498,-0.1797,-0.1755,0.0286,0.2922,-0.7943,-0.2733,0.0519,-1.7217,-0.8919
2024-08-26 16:00:00+00:00,0.6454,0.4511,-0.3305,0.0438,-0.0267,-0.0498,-0.1517,-0.1576,0.0286,0.2903,-0.7943,-0.2586,0.1142,-1.7217,-0.8375
2024-08-27 16:00:00+00:00,0.6454,0.3935,-0.3894,-0.0177,-0.1071,-0.0514,-0.1517,-0.1404,0.0286,0.2486,-0.7943,-0.307,0.0688,-1.7217,-0.8188
2024-08-28 16:00:00+00:00,0.6454,0.3869,-0.3745,0.0251,-0.1277,-0.0387,-0.1517,-0.1505,0.028,0.2825,-0.7943,-0.2352,0.1686,-1.7003,-0.7795
2024-08-29 16:00:00+00:00,0.6454,0.2974,-0.2963,-0.0331,-0.1701,-0.0255,-0.1517,-0.2133,0.0438,0.2874,-0.7943,-0.2154,0.1684,-1.6793,-0.7584
2024-08-30 16:00:00+00:00,0.6454,0.277,-0.2963,0.0763,-0.1606,-0.0124,-0.1694,-0.1658,0.0433,0.2793,-0.7943,-0.2107,0.156,-1.6793,-0.7587
2024-09-02 12:00:00+00:00,0.6454,0.3075,-0.2963,0.0763,-0.1556,-0.0124,-0.2048,-0.2064,0.0232,0.2967,-0.7929,-0.2107,0.1777,-1.6827,-0.7947
2024-09-03 12:00:00+00:00,0.6454,0.3075,-0.2963,0.0766,-0.1556,-0.0124,-0.1114,-0.0934,0.076,0.3143,-0.7338,-0.2107,0.1477,-1.6607,-0.7217
2024-09-04 12:00:00+00:00,0.6633,0.3197,-0.2963,0.1177,-0.1556,0.0178,-0.1116,-0.0777,0.0775,0.3143,-0.7313,-0.2107,0.1846,-1.6772,-0.7221
2024-09-05 12:00:00+00:00,0.6808,0.3235,-0.29,0.1177,-0.1427,0.0115,-0.1415,-0.0777,0.0843,0.3143,-0.6733,-0.2107,0.1846,-1.7208,-0.7563
2024-09-06 12:00:00+00:00,0.6806,0.3112,-0.2546,0.117,-0.1427,-0.0377,-0.3049,-0.0626,0.0045,0.3143,-0.605,-0.1993,0.2088,-1.8536,-0.8736
2024-09-09 08:00:00+00:00,0.6642,0.331,-0.2546,0.1005,-0.1575,-0.0269,-0.0868,-0.0557,0.0431,0.3248,-0.576,-0.1987,0.1969,-1.7178,-0.7355
2024-09-10 08:00:00+00:00,0.6987,0.331,-0.2546,0.1225,-0.1343,-0.0189,-0.1729,-0.0374,0.0235,0.3248,-0.5477,-0.1984,0.1886,-1.8093,-0.778
2024-09-11 08:00:00+00:00,0.7181,0.331,-0.238,0.1352,-0.1274,-0.0071,-0.5427,-0.0377,-0.1112,0.3347,-0.6198,-0.1979,0.213,-1.989,-0.9083
2024-09-12 08:00:00+00:00,0.7343,0.331,-0.252,0.1524,-0.1129,0.0251,-0.483,-0.031,-0.2115,0.3446,-0.5905,-0.2229,0.2129,-1.9686,-0.7815
2024-09-13 08:00:00+00:00,0.7343,0.331,-0.2234,0.1524,-0.1129,0.0251,-0.553,-0.031,-0.2349,0.3546,-0.6647,-0.173,0.2267,-1.9881,-1.0256
2024-09-16 04:00:00+00:00,0.7343,0.331,-0.2234,0.1524,-0.1129,0.0251,-0.6295,-0.031,-0.2906,0.3546,-0.6971,-0.1735,0.2242,-2.04,-1.0827
2024-09-17 04:00:00+00:00,0.7149,0.331,-0.2241,0.1375,-0.1242,0.0251,-0.5672,-0.031,-0.1933,0.3546,-0.4547,-0.1978,0.209,-1.9074,-1.0585
2024-09-18 04:00:00+00:00,0.6893,0.3519,-0.209,0.1221,-0.1413,0.0203,-0.4298,-0.0303,-0.1602,0.3633,-0.4547,-0.1495,0.2184,-1.8995,-1.0269
2024-09-19 04:00:00+00:00,0.642,0.3602,-0.1801,0.1994,-0.1768,0.0409,-0.4298,-0.0256,-0.1374,0.3748,-0.4687,-0.1076,0.2527,-1.8728,-0.9648
2024-09-20 04:00:00+00:00,0.6373,0.364,-0.1801,0.2043,-0.1804,0.0626,-0.3996,-0.015,-0.1143,0.3748,-0.6019,-0.0839,0.2662,-1.8458,-0.931
2024-09-23 00:00:00+00:00,0.6213,0.364,-0.1801,0.2499,-0.1667,0.0626,-0.4092,-0.0001,-0.1231,0.3748,-0.6656,-0.0831,0.2824,-1.8755,-0.9376
2024-09-24 00:00:00+00:00,0.6223,0.364,-0.1801,0.2332,-0.1839,0.0626,-0.3702,-0.0682,-0.0923,0.3888,-0.6602,-0.1061,0.2937,-1.7841,-0.8982
2024-09-25 00:00:00+00:00,0.6435,0.364,-0.1876,0.1651,-0.2394,0.0626,-0.3935,-0.0524,-0.1112,0.3688,-0.7128,-0.1836,0.2815,-1.7566,-0.8688
2024-09-26 00:00:00+00:00,0.7308,0.364,-0.1624,0.3308,-0.2231,0.0626,-0.4753,-0.0375,-0.1219,0.4164,-0.8251,-0.0261,0.3067,-1.774,-0.8961
2024-09-27 00:00:00+00:00,0.7377,0.364,-0.1624,0.318,-0.2154,0.0626,-0.4919,-0.0689,-0.1939,0.4235,-0.8544,-0.0385,0.3187,-1.8165,-0.9118
2024-09-29 20:00:00+00:00,0.6883,0.364,-0.1605,0.2643,-0.2771,0.0497,-0.2878,-0.1742,-0.0426,0.4257,-0.7608,-0.0283,0.3333,-1.6904,-0.7996
2024-09-30 20:00:00+00:00,0.6784,0.364,-0.1423,0.2705,-0.2833,0.0979,-0.2565,-0.1196,-0.0426,0.4257,-0.7608,-0.0235,0.3488,-1.6904,-0.7667
2024-10-01 20:00:00+00:00,0.7782,0.3802,-0.1423,0.3627,-0.1799,0.082,-0.2565,-0.128,-0.0426,0.4257,-0.7608,0.0037,0.3388,-1.6904,-0.7667
2024-10-02 20:00:00+00:00,0.7782,0.3495,-0.1423,0.3627,-0.1799,0.0777,-0.3525,-0.1432,-0.0623,0.4257,-0.7791,0.0167,0.328,-1.7088,-0.7889
2024-10-03 20:00:00+00:00,0.7782,0.3264,-0.1061,0.3627,-0.192,0.0077,-0.3372,-0.1115,0.0254,0.4257,-0.7293,-0.0796,0.3155,-1.715,-0.7862
2024-10-04 20:00:00+00:00,0.7782,0.3106,-0.0999,0.3643,-0.2716,0.1019,-0.4891,-0.1115,-0.005,0.4285,-0.737,-0.0823,0.231,-1.7899,-0.8443
2024-10-07 16:00:00+00:00,0.7718,0.3136,-0.077,0.3127,-0.3102,0.1086,-0.3354,-0.114,-0.0192,0.399,-0.7039,-0.1561,0.2322,-1.7303,-0.7948
2024-10-08 16:00:00+00:00,0.8092,0.411,-0.0813,0.3006,-0.2294,0.1191,-0.3316,-0.1073,0.0173,0.3757,-0.7039,-0.1618,0.2475,-1.7573,-0.816
2024-10-09 16:00:00+00:00,0.8392,0.3948,-0.1142,0.2316,-0.4411,0.1282,-0.3882,-0.1276,-0.0366,0.2897,-0.7174,-0.1758,0.2222,-1.808,-0.9398
2024-10-10 16:00:00+00:00,0.8392,0.4053,-0.0439,0.3008,-0.4018,0.1409,-0.2511,-0.0714,-0.0344,0.2637,-0.6854,-0.1802,0.233,-1.6919,-0.8389
2024-10-11 16:00:00+00:00,0.8392,0.4114,-0.0439,0.3502,-0.4018,0.1409,-0.2511,-0.0714,-0.081,0.255,-0.6823,-0.1721,0.2295,-1.7717,-0.9221
2024-10-14 12:00:00+00:00,0.8392,0.42,-0.0865,0.2565,-0.4018,0.1409,-0.2511,-0.0714,-0.0247,0.2368,-0.7055,-0.186,0.1758,-1.8216,-0.9682
2024-10-15 12:00:00+00:00,0.8392,0.42,-0.0649,0.2104,-0.4018,0.1365,-0.2511,-0.0714,0.0302,0.2268,-0.654,-0.1422,0.1635,-1.7141,-0.9374
2024-10-16 12:00:00+00:00,0.8574,0.431,-0.1006,0.098,-0.386,0.1752,-0.2511,-0.0576,0.0302,0.2543,-0.6436,-0.1314,0.1064,-1.7141,-0.9383
2024-10-17 12:00:00+00:00,0.8787,0.431,-0.112,0.2012,-0.3689,0.1752,-0.2378,-0.0413,0.0302,0.2738,-0.6436,-0.1281,0.097,-1.7141,-0.9613
2024-10-18 12:00:00+00:00,0.8787,0.431,-0.1273,0.2046,-0.3689,0.1752,-0.2242,-0.0245,0.0302,0.268,-0.6248,-0.1184,0.1263,-1.7141,-0.9154
2024-10-21 08:00:00+00:00,0.8787,0.431,-0.0819,0.21,-0.3689,0.1752,-0.2242,-0.0245,0.0302,0.2575,-0.6248,-0.1184,0.1206,-1.7141,-0.8986
2024-10-22 08:00:00+00:00,0.8787,0.431,-0.1292,0.207,-0.3554,0.1752,-0.2285,-0.0245,0.0233,0.2443,-0.6157,-0.1089,0.0825,-1.7001,-0.9569
2024-10-23 08:00:00+00:00,0.8815,0.431,-0.1862,0.145,-0.3564,0.1752,-0.4172,-0.0245,-0.1555,0.2369,-0.7145,-0.1226,-0.001,-1.7372,-1.1492
2024-10-24 08:00:00+00:00,0.8877,0.431,-0.1381,0.1784,-0.3471,0.1752,-0.3141,-0.0245,-0.074,0.2745,-0.6527,-0.0956,0.0073,-1.6633,-1.1151
2024-10-25 08:00:00+00:00,0.8845,0.431,-0.1615,0.1408,-0.3337,0.19,-0.2358,-0.0213,-0.0206,0.228,-0.6473,-0.0721,0.0174,-1.6688,-1.0983
2024-10-28 08:00:00+00:00,0.9121,0.431,-0.2177,0.0831,-0.3188,0.1541,-0.2947,-0.0423,-0.1963,0.1441,-0.7187,-0.0614,0.0264,-1.7141,-1.1584
2024-10-29 08:00:00+00:00,0.8907,0.4308,-0.2177,-0.0283,-0.3231,0.0521,-0.4348,-0.0993,-0.2006,0.1453,-0.8441,-0.0614,0.0264,-1.7767,-1.1779
2024-10-30 08:00:00+00:00,0.9494,0.4434,-0.2063,0.0107,-0.303,0.012,-0.3031,-0.1032,-0.1838,0.1252,-0.7478,-0.0614,0.0356,-1.7344,-1.1559
2024-10-31 08:00:00+00:00,0.9494,0.4524,-0.2063,0.0001,-0.303,0.0303,-0.2841,-0.1996,-0.1672,0.1363,-0.6675,-0.0491,0.0483,-1.7792,-1.1416
2024-11-01 08:00:00+00:00,0.9684,0.4524,-0.2063,0.0124,-0.2874,0.0454,-0.2841,-0.2642,-0.1672,0.1255,-0.6409,-0.0217,0.0683,-1.7762,-1.1416
2024-11-04 08:00:00+00:00,0.9684,0.4524,-0.1916,0.0682,-0.2874,0.0454,-0.2841,-0.2175,-0.1672,0.1578,-0.6409,-0.0153,0.073,-1.7121,-1.1416
2024-11-05 08:00:00+00:00,0.9684,0.4524,-0.1916,0.0682,-0.2874,0.0454,-0.2841,-0.206,-0.1672,0.1578,-0.6409,-0.0153,0.0918,-1.7703,-1.1416
2024-11-06 08:00:00+00:00,0.9903,0.4638,-0.1703,0.0933,-0.269,0.0626,-0.301,-0.2066,-0.1672,0.1704,-0.6195,0.0209,0.1503,-1.7159,-1.1153
2024-11-07 08:00:00+00:00,0.9903,0.4638,-0.1739,0.0933,-0.269,0.062,-0.2936,-0.2574,-0.1672,0.1704,-0.611,0.042,0.1611,-1.7159,-1.1105
2024-11-08 08:00:00+00:00,1.0439,0.4638,-0.1484,0.1224,-0.269,0.0827,-0.2357,-0.2335,-0.1574,0.1704,-0.6001,0.042,0.1726,-1.7107,-1.09
2024-11-11 08:00:00+00:00,1.0439,0.4638,-0.1577,0.1224,-0.269,0.0827,-0.2357,-0.2862,-0.1629,0.1704,-0.6001,0.042,0.1432,-1.6656,-1.09
2024-11-12 08:00:00+00:00,1.0439,0.4638,-0.1567,0.1195,-0.269,0.0827,-0.2357,-0.2566,-0.1575,0.1699,-0.6001,0.0268,0.0906,-1.6773,-1.0706
2024-11-13 08:00:00+00:00,1.0491,0.4638,-0.1864,0.1046,-0.2599,0.0966,-0.2468,-0.2063,-0.1515,0.1846,-0.6001,-0.0289,0.1349,-1.6497,-1.1064
2024-11-14 08:00:00+00:00,1.0199,0.4638,-0.3211,0.0075,-0.2691,0.0966,-0.2709,-0.2017,-0.1515,0.1883,-0.6001,-0.1739,-0.0346,-1.6497,-1.2062
2024-11-15 08:00:00+00:00,1.0672,0.4638,-0.2827,0.0264,-0.2127,0.0966,-0.2026,-0.2017,-0.1515,0.173,-0.5751,-0.1636,0.0156,-1.6497,-1.1537
2024-11-18 08:00:00+00:00,1.0871,0.4638,-0.283,-0.0434,-0.2058,0.0966,-0.1932,-0.2017,-0.0961,0.1166,-0.5409,-0.2393,0.0193,-1.5839,-1.0096
2024-11-19 08:00:00+00:00,1.0871,0.4638,-0.1908,0.1672,-0.2058,0.092,-0.1534,-0.1844,-0.0789,0.1852,-0.5327,-0.224,0.0381,-1.575,-1.0096
2024-11-20 08:00:00+00:00,1.0871,0.4638,-0.1574,0.1672,-0.2039,0.1219,-0.1467,-0.1812,-0.0758,0.2141,-0.4691,-0.1474,0.0558,-1.55,-1.0096
2024-11-21 08:00:00+00:00,1.0871,0.4578,-0.1574,0.1672,-0.2237,0.1081,-0.1247,-0.2228,-0.0758,0.2141,-0.4575,-0.1596,0.0396,-1.5483,-1.0096
2024-11-22 08:00:00+00:00,1.0871,0.5044,-0.153,0.1672,-0.2646,0.0067,-0.1247,-0.416,-0.0559,0.2141,-0.5387,-0.3093,-0.1191,-1.6461,-1.0096
2024-11-25 08:00:00+00:00,1.0871,0.5139,-0.1793,0.1672,-0.2435,0.0848,-0.1247,-0.3962,-0.0093,0.2141,-0.4656,-0.2195,-0.0796,-1.5497,-1.0096
2024-11-26 08:00:00+00:00,1.0871,0.5309,-0.1207,0.1896,-0.1491,0.1715,-0.1234,-0.3837,0.0328,0.2555,-0.5056,-0.1911,-0.0562,-1.568,-1.0096
2024-11-27 08:00:00+00:00,1.0871,0.5217,-0.1207,0.2146,-0.147,0.1715,-0.2852,-0.3837,-0.028,0.2756,-0.6972,-0.1508,-0.0562,-1.7559,-1.1105
2024-11-28 08:00:00+00:00,1.0871,0.5373,-0.1207,0.2146,-0.1294,0.1888,-0.1584,-0.3652,-0.0205,0.2756,-0.5571,-0.1271,-0.0562,-1.6614,-1.0262
2024-11-29 08:00:00+00:00,1.0871,0.5189,-0.115,0.2146,-0.1239,0.1888,-0.3888,-0.3652,-0.1268,0.2756,-0.7636,-0.1199,-0.0412,-1.8875,-1.3334
2024-12-02 08:00:00+00:00,1.0871,0.522,-0.0933,0.2146,-0.1084,0.2021,-0.4706,-0.3652,-0.1498,0.2756,-0.7635,-0.0993,-0.0412,-1.8931,-1.3124
2024-12-03 08:00:00+00:00,1.0871,0.5461,-0.0786,0.2502,-0.0971,0.2296,-0.4828,-0.3652,-0.164,0.2882,-0.8048,-0.0993,-0.0258,-1.9292,-1.3068
2024-12-04 08:00:00+00:00,1.1076,0.556,-0.0786,0.2726,-0.0971,0.216,-0.3932,-0.3741,-0.0813,0.2882,-0.6989,-0.0993,-0.0258,-1.8465,-1.2431
2024-12-05 08:00:00+00:00,1.132,0.5542,-0.0786,0.3218,-0.0971,0.2154,-0.3954,-0.3678,-0.0638,0.2882,-0.6989,-0.0993,-0.0258,-1.8698,-1.2284
2024-12-06 08:00:00+00:00,1.1548,0.5731,-0.0959,0.321,-0.0971,0.1433,-0.3664,-0.4477,-0.0591,0.2882,-0.6989,-0.1063,-0.0256,-1.8184,-1.196
2024-12-09 08:00:00+00:00,1.1794,0.5813,-0.0456,0.3764,-0.0971,0.2516,-0.3407,-0.3082,-0.0591,0.289,-0.6989,-0.0652,-0.0092,-1.8184,-1.1731
2024-12-10 08:00:00+00:00,1.1794,0.5813,-0.015,0.3814,-0.0797,0.2154,-0.3407,-0.2896,-0.0632,0.2994,-0.6785,-0.0537,-0.0092,-1.8184,-1.1731
2024-12-11 08:00:00+00:00,1.1856,0.5813,-0.015,0.3354,-0.0762,0.1288,-0.3407,-0.2902,-0.0449,0.2894,-0.659,-0.0407,-0.0092,-1.8184,-1.1584
2024-12-12 08:00:00+00:00,1.2038,0.5952,-0.0122,0.4285,-0.0416,0.2873,-0.3407,-0.2445,-0.0043,0.3146,-0.6484,-0.0407,-0.0092,-1.7947,-1.1022
2024-12-13 08:00:00+00:00,1.2038,0.5952,-0.0841,0.4349,-0.0416,0.346,-0.3407,-0.2445,-0.0043,0.3047,-0.6384,-0.0482,0.0166,-1.7951,-1.1456
2024-12-16 08:00:00+00:00,1.2038,0.5952,-0.0648,0.418,-0.0416,0.346,-0.3295,-0.2428,-0.0043,0.2838,-0.645,-0.0089,0.0213,-1.804,-1.163
2024-12-17 08:00:00+00:00,1.2038,0.5952,-0.1327,0.4088,-0.0416,0.3539,-0.3233,-0.2528,-0.0043,0.2495,-0.6733,-0.0089,0.0213,-1.7816,-1.1747
2024-12-18 08:00:00+00:00,1.2038,0.5952,-0.0709,0.3554,-0.0416,0.3055,-0.3233,-0.301,-0.0043,0.1871,-0.6684,-0.0089,0.0213,-1.7512,-1.1609
2024-12-19 08:00:00+00:00,1.1964,0.6073,-0.2266,0.2932,-0.0658,0.2501,-0.3172,-0.309,-0.0166,0.1612,-0.682,0.0066,0.0361,-1.7375,-1.3699
2024-12-20 08:00:00+00:00,1.1809,0.6329,-0.2098,0.2861,-0.1246,0.4265,-0.3188,-0.3595,-0.054,0.1678,-0.5173,-0.0104,0.0508,-1.6959,-1.3488
2024-12-23 08:00:00+00:00,1.2286,0.6329,-0.2098,0.3169,-0.0733,0.4458,-0.3158,-0.3181,-0.0239,0.1794,-0.5076,0.0485,0.0883,-1.7037,-1.3286
2024-12-24 08:00:00+00:00,1.2035,0.6329,-0.2127,0.3054,-0.0906,0.4458,-0.3393,-0.3456,0.0076,0.1897,-0.5186,0.0489,0.0907,-1.7107,-1.3331
2024-12-25 08:00:00+00:00,1.1727,0.6329,-0.2084,0.3139,-0.0829,0.4635,-0.3724,-0.3484,0.0035,0.227,-0.5286,0.0748,0.0994,-1.7142,-1.3299
2024-12-26 08:00:00+00:00,1.1891,0.6329,-0.2135,0.3117,-0.0921,0.4635,-0.4085,-0.3499,-0.0481,0.2291,-0.5418,0.0774,0.1039,-1.7526,-1.3802
2024-12-27 08:00:00+00:00,1.1621,0.6329,-0.2073,0.2778,-0.0872,0.4563,-0.4114,-0.4707,-0.0436,0.2256,-0.5676,0.0864,0.1087,-1.8212,-1.3824
2024-12-30 08:00:00+00:00,1.2077,0.6329,-0.2294,0.3252,-0.0348,0.4938,-0.4316,-0.4388,0.0382,0.2555,-0.6136,0.0864,0.1087,-1.8367,-1.3843
2024-12-31 08:00:00+00:00,1.2094,0.6329,-0.3082,0.2615,-0.0395,0.5065,-0.3238,-0.4272,0.0338,0.2541,-0.4716,0.0988,0.1199,-1.6602,-1.2833
2025-01-01 08:00:00+00:00,1.1803,0.6329,-0.331,0.2194,-0.0774,0.5045,-0.3238,-0.4116,0.03,0.2541,-0.4716,0.0988,0.1159,-1.6602,-1.2833
2025-01-02 08:00:00+00:00,1.239,0.6329,-0.3413,0.3043,-0.0083,0.5164,-0.3238,-0.4116,0.0311,0.2555,-0.4716,0.0983,0.1139,-1.6602,-1.2669
2025-01-03 08:00:00+00:00,1.239,0.6356,-0.3368,0.3276,0.0038,0.4785,-0.3238,-0.4112,0.0401,0.2646,-0.4383,0.0803,0.1037,-1.6433,-1.2669
2025-01-06 08:00:00+00:00,1.2544,0.6507,-0.2534,0.3268,0.0038,0.487,-0.3199,-0.4008,0.0775,0.2736,-0.4274,0.1277,0.168,-1.6175,-1.2669
2025-01-07 08:00:00+00:00,1.2747,0.6507,-0.2534,0.3459,0.0038,0.5522,-0.2901,-0.3948,0.0952,0.2881,-0.406,0.1277,0.185,-1.5949,-1.2461
2025-01-08 08:00:00+00:00,1.2747,0.6507,-0.2619,0.3682,0.0038,0.5542,-0.2696,-0.3948,0.0952,0.2881,-0.406,0.1272,0.1846,-1.5773,-1.2246
2025-01-09 08:00:00+00:00,1.2747,0.6507,-0.2651,0.3923,0.0184,0.5013,-0.2616,-0.3948,0.0952,0.2881,-0.407,0.0774,0.1873,-1.5773,-1.2078
2025-01-10 08:00:00+00:00,1.2747,0.6507,-0.2785,0.3918,0.0273,0.5399,-0.2616,-0.3948,0.1,0.2881,-0.3833,0.0946,0.1882,-1.5773,-1.2078
2025-01-13 08:00:00+00:00,1.2684,0.6507,-0.3084,0.381,0.0037,0.4204,-0.2529,-0.3948,0.0338,0.2881,-0.693,-0.1636,0.0886,-1.6347,-1.19
2025-01-14 08:00:00+00:00,1.2929,0.6579,-0.3052,0.4101,0.0586,0.4147,-0.2425,-0.3747,0.0901,0.2881,-0.4985,-0.0571,0.2414,-1.5284,-1.19
2025-01-15 08:00:00+00:00,1.2929,0.6614,-0.2086,0.4101,0.0586,0.4183,-0.2425,-0.3803,0.137,0.2881,-0.5307,0.0202,0.2541,-1.5284,-1.19
2025-01-16 08:00:00+00:00,1.2929,0.6614,-0.2086,0.4314,0.0586,0.3583,-0.2516,-0.3647,0.1328,0.3028,-0.751,-0.0058,0.2541,-1.5344,-1.1862
2025-01-17 08:00:00+00:00,1.2929,0.6614,-0.2086,0.4314,0.0586,0.3829,-0.2615,-0.3647,0.1223,0.3028,-0.7588,-0.0286,0.2541,-1.5224,-1.1917
2025-01-20 08:00:00+00:00,1.2929,0.6614,-0.2086,0.4314,0.0682,0.3768,-0.2515,-0.3647,0.1567,0.3301,-0.7283,-0.0136,0.2541,-1.4761,-1.1384
2025-01-21 08:00:00+00:00,1.3142,0.6614,-0.1763,0.4584,0.1187,0.3779,-0.172,-0.3647,0.1799,0.37,-0.7257,0.0732,0.3097,-1.4761,-1.0909
2025-01-22 08:00:00+00:00,1.3359,0.6614,-0.1784,0.4639,0.138,0.3644,-0.1605,-0.3647,0.1799,0.37,-0.7257,0.0732,0.2845,-1.4743,-1.0909
2025-01-23 08:00:00+00:00,1.338,0.6614,-0.1579,0.485,0.1412,0.3376,-0.1605,-0.3647,0.196,0.37,-0.7257,0.0732,0.3084,-1.4783,-1.0909
2025-01-24 08:00:00+00:00,1.3268,0.6614,-0.1498,0.469,0.1396,0.3493,-0.1605,-0.3522,0.196,0.37,-0.7071,0.063,0.2347,-1.4393,-1.0699
2025-01-27 08:00:00+00:00,1.3317,0.6614,-0.1437,0.4834,0.1477,0.3382,-0.1613,-0.3528,0.196,0.37,-0.6852,0.0018,0.2027,-1.4196,-1.0703
2025-01-28 08:00:00+00:00,1.3724,0.6614,-0.1077,0.5048,0.1879,0.3013,-0.1333,-0.3512,0.196,0.37,-0.6852,0.0731,0.3733,-1.4196,-1.0173
2025-01-29 08:00:00+00:00,1.3724,0.6629,-0.1077,0.5048,0.1879,0.272,-0.1333,-0.3411,0.196,0.37,-0.6852,0.0808,0.3733,-1.4196,-1.0173
2025-01-30 08:00:00+00:00,1.3724,0.6822,-0.1077,0.5229,0.1879,0.2587,-0.1066,-0.3275,0.1837,0.3848,-0.6852,0.0692,0.3733,-1.4309,-1.0104
2025-01-31 08:00:00+00:00,1.3917,0.6921,-0.1036,0.5392,0.2037,0.2424,-0.1039,-0.3202,0.1917,0.4015,-0.6646,0.0967,0.3733,-1.3754,-1.0001
2025-02-03 08:00:00+00:00,1.3917,0.703,-0.0895,0.5654,0.2391,0.102,-0.1703,-0.3014,0.1559,0.3307,-0.6776,0.1318,0.3907,-1.4789,-0.9972
2025-02-04 08:00:00+00:00,1.3917,0.703,-0.0759,0.5941,0.2391,0.1432,0.0404,-0.3014,0.2818,0.3805,-0.6377,0.1318,0.4503,-1.3282,-0.9755
2025-02-05 08:00:00+00:00,1.3917,0.703,-0.0732,0.5941,0.2604,0.1459,0.0404,-0.3014,0.2851,0.3805,-0.6377,0.1314,0.4503,-1.4162,-1.0311
2025-02-06 08:00:00+00:00,1.3917,0.703,-0.0578,0.5941,0.2604,0.1459,0.0404,-0.3019,0.2502,0.3805,-0.6641,0.1529,0.4503,-1.519,-1.0672
2025-02-07 08:00:00+00:00,1.3917,0.703,-0.0578,0.6012,0.2604,0.1612,0.0576,-0.3068,0.2508,0.3911,-0.6299,0.1529,0.4503,-1.5025,-1.0594
2025-02-10 08:00:00+00:00,1.3917,0.703,-0.0497,0.6119,0.2773,0.1573,0.0925,-0.3509,0.1712,0.3954,-0.6856,0.1529,0.4473,-1.6694,-1.0608
2025-02-11 08:00:00+00:00,1.3917,0.6984,-0.0684,0.6119,0.2913,0.1416,0.1173,-0.3292,0.1387,0.3954,-0.7025,0.1557,0.4658,-1.6464,-1.0297
2025-02-12 08:00:00+00:00,1.3917,0.6907,-0.0569,0.6274,0.3052,0.1872,0.1232,-0.2642,0.3219,0.3975,-0.5807,0.1685,0.4771,-1.6236,-0.9292
2025-02-13 08:00:00+00:00,1.3917,0.7369,-0.0338,0.6274,0.2972,0.1897,0.1453,-0.2616,0.3275,0.4359,-0.5612,0.1846,0.4998,-1.5733,-0.9104
2025-02-14 08:00:00+00:00,1.3917,0.7369,-0.0595,0.6065,0.3423,0.202,0.168,-0.2497,0.3394,0.4461,-0.5444,0.1933,0.5007,-1.5483,-0.9104
2025-02-17 08:00:00+00:00,1.3917,0.7369,-0.0647,0.5642,0.3423,0.202,0.168,-0.2443,0.3394,0.4472,-0.5444,0.1937,0.4815,-1.5483,-0.9153
2025-02-18 08:00:00+00:00,1.3917,0.7489,-0.0548,0.5829,0.3423,0.202,0.168,-0.2304,0.3394,0.4473,-0.5444,0.1971,0.5066,-1.5483,-0.8873
2025-02-19 08:00:00+00:00,1.3917,0.7614,-0.0046,0.6013,0.3565,0.202,0.168,-0.2303,0.3522,0.4571,-0.5444,0.2111,0.5386,-1.5423,-0.8647
2025-02-20 08:00:00+00:00,1.3968,0.7614,-0.0046,0.5541,0.3565,0.202,0.111,-0.2411,0.2816,0.46,-0.5455,0.2209,0.5386,-1.6063,-0.9659
2025-02-21 08:00:00+00:00,1.3883,0.7614,-0.0117,0.5193,0.3507,0.202,0.1323,-0.2383,0.3404,0.4629,-0.5222,0.196,0.563,-1.4774,-1.0221
2025-02-24 08:00:00+00:00,1.4078,0.7707,0.0182,0.5834,0.3553,0.202,0.103,-0.1958,0.2794,0.4712,-0.5139,0.1981,0.5876,-1.4502,-1.0415
2025-02-25 08:00:00+00:00,1.4078,0.7803,-0.0471,0.6432,0.3685,0.2015,0.0674,-0.1881,0.3571,0.4712,-0.5035,0.1873,0.5876,-1.4348,-1.0331
2025-02-26 08:00:00+00:00,1.424,0.7803,0.0033,0.6432,0.3751,0.1644,-0.0976,-0.2153,0.3571,0.4562,-0.5139,0.1913,0.5959,-1.4426,-1.0516
2025-02-27 08:00:00+00:00,1.424,0.7899,0.0494,0.6631,0.3936,0.1088,-0.1642,-0.2265,0.3571,0.4666,-0.4946,0.1792,0.6158,-1.441,-1.0275
2025-02-28 08:00:00+00:00,1.4227,0.8001,0.0494,0.5329,0.3861,0.0036,-0.1003,-0.3002,0.3793,0.3937,-0.4666,0.2619,0.6063,-1.429,-0.9913
2025-03-03 08:00:00+00:00,1.4286,0.8001,0.0494,0.5523,0.3898,-0.0282,-0.0234,-0.3909,0.3793,0.3854,-0.4671,0.2619,0.6466,-1.3874,-0.9913
2025-03-04 08:00:00+00:00,1.4421,0.8001,0.0096,0.5987,0.4097,-0.0723,-0.0681,-0.4436,0.3793,0.4283,-0.4356,0.2413,0.6462,-1.3874,-0.9634
2025-03-05 08:00:00+00:00,1.4421,0.8226,0.0039,0.7078,0.4097,-0.0666,0.0418,-0.5117,0.3951,0.4717,-0.415,0.1647,0.6068,-1.4078,-0.9325
2025-03-06 08:00:00+00:00,1.4362,0.8226,-0.0518,0.7108,0.3846,0.0243,0.0418,-0.5599,0.4034,0.4717,-0.3645,0.0157,0.4271,-1.3711,-0.9329
2025-03-07 08:00:00+00:00,1.4656,0.8209,-0.1609,0.7353,0.4302,0.0471,0.0859,-0.7124,0.4034,0.4717,-0.3645,0.0044,0.3172,-1.4223,-0.9376
2025-03-10 08:00:00+00:00,1.4656,0.8528,-0.2238,0.7353,0.4106,0.0735,0.0666,-0.669,0.4034,0.4717,-0.3645,0.0001,0.3391,-1.3267,-0.9601
2025-03-11 08:00:00+00:00,1.4886,0.8649,-0.1022,0.7353,0.4736,0.0383,0.1461,-0.765,0.4034,0.4887,-0.3645,0.0271,0.3145,-1.3272,-0.8977
2025-03-12 08:00:00+00:00,1.4886,0.8767,-0.0843,0.7353,0.4934,0.0102,0.2075,-0.768,0.4034,0.5302,-0.365,0.0088,0.3208,-1.3752,-0.8408
2025-03-13 08:00:00+00:00,1.4886,0.8767,-0.0783,0.7353,0.4934,0.0233,0.2075,-0.7118,0.424,0.5302,-0.3387,0.0202,0.3777,-1.2744,-0.8408
2025-03-14 08:00:00+00:00,1.4886,0.8767,-0.022,0.7353,0.4934,0.0557,0.2075,-0.7215,0.424,0.5302,-0.33,0.0109,0.3636,-1.2988,-0.8408
2025-03-17 08:00:00+00:00,1.4886,0.8651,-0.022,0.7196,0.4675,0.0939,0.2075,-0.627,0.424,0.5302,-0.3093,-0.0234,0.3537,-1.2918,-0.8408
2025-03-18 08:00:00+00:00,1.4886,0.8971,-0.0259,0.6961,0.4683,0.1083,0.167,-0.627,0.3454,0.5245,-0.3756,-0.0063,0.3381,-1.392,-0.8438
2025-03-19 08:00:00+00:00,1.4886,0.8947,-0.0172,0.7695,0.4887,0.1083,0.1814,-0.627,0.323,0.5419,-0.4034,-0.0286,0.3488,-1.3996,-0.8245
2025-03-20 08:00:00+00:00,1.4886,0.9172,0.0231,0.7695,0.5311,0.095,0.2566,-0.627,0.4781,0.5419,-0.282,0.0284,0.4048,-1.2139,-0.8004
2025-03-21 08:00:00+00:00,1.4946,0.8734,0.0231,0.7907,0.5311,0.1426,0.2566,-0.6108,0.4781,0.5419,-0.282,0.0284,0.4048,-1.2139,-0.8004
2025-03-24 08:00:00+00:00,1.4895,0.9226,0.0231,0.8108,0.5311,0.1573,0.2566,-0.6108,0.4781,0.5419,-0.282,0.0284,0.4048,-1.2139,-0.7934
2025-03-25 08:00:00+00:00,1.4965,0.9226,0.0231,0.8108,0.5625,0.1573,0.2776,-0.6108,0.485,0.5419,-0.2758,0.0284,0.4197,-1.1951,-0.7879
2025-03-26 08:00:00+00:00,1.4859,0.9226,0.0231,0.8108,0.5665,0.1568,0.2959,-0.5986,0.5091,0.5345,-0.2457,0.0284,0.4252,-1.1951,-0.7552
2025-03-27 08:00:00+00:00,1.5279,0.9226,0.0231,0.8108,0.5836,0.1712,0.2413,-0.5852,0.5382,0.5555,-0.2462,0.0402,0.4513,-1.1951,-0.7888
2025-03-28 08:00:00+00:00,1.5279,0.9226,0.0231,0.8108,0.5836,0.1712,0.344,-0.5716,0.5416,0.5555,-0.2285,0.0534,0.4513,-1.1773,-0.7682
2025-03-31 04:00:00+00:00,1.5279,0.9226,0.0358,0.8108,0.6006,0.1707,0.3577,-0.5814,0.5537,0.5555,-0.2084,0.0534,0.4513,-1.1773,-0.7157
2025-04-01 04:00:00+00:00,1.5467,0.9226,0.0358,0.8488,0.6098,0.2276,0.3705,-0.5729,0.5537,0.5504,-0.2084,0.0534,0.4513,-1.1773,-0.7058
2025-04-02 04:00:00+00:00,1.5467,0.9226,0.0358,0.8681,0.6339,0.2384,0.3972,-0.5324,0.5537,0.5691,-0.2084,0.0534,0.4513,-1.1773,-0.7058
2025-04-03 04:00:00+00:00,1.5765,0.9186,-0.0606,0.8926,0.6553,0.2368,0.4296,-0.5297,0.5782,0.5469,-0.1819,-0.0063,0.4316,-1.145,-0.7117
2025-04-04 04:00:00+00:00,1.488,0.9252,-0.1685,0.9211,0.6348,0.2644,0.4296,-0.6206,0.5782,0.6036,-0.2195,0.1233,0.2932,-1.145,-0.7983
2025-04-07 00:00:00+00:00,1.2696,0.7435,-0.085,0.5803,0.5589,0.2007,0.5228,-0.7328,0.6073,0.6511,-0.3191,0.1486,0.33,-1.0583,-0.5256
2025-04-08 00:00:00+00:00,1.3506,0.7864,0.0342,0.5997,0.4249,0.3084,0.5792,-0.6394,0.6475,0.6511,-0.3123,0.1581,0.3701,-1.0583,-0.4754
2025-04-09 00:00:00+00:00,1.3575,0.8465,-0.0655,0.3803,0.3712,0.3203,0.5792,-0.7668,0.6795,0.6511,-0.4643,0.2118,0.3701,-1.0583,-0.4757
2025-04-10 00:00:00+00:00,1.5123,0.8465,0.1466,0.9369,0.7004,0.4005,0.6392,-0.4337,0.6747,0.6404,-0.2083,0.2397,0.405,-1.0583,-0.4267
2025-04-11 00:00:00+00:00,1.5123,0.8465,-0.1114,0.9369,0.7325,0.4005,0.6392,-0.3939,0.5212,0.556,-0.4188,0.2392,0.146,-1.0583,-0.4745
2025-04-13 20:00:00+00:00,1.5123,0.876,-0.0951,0.9201,0.7325,0.4005,0.6392,-0.3624,0.4887,0.4986,-0.2693,0.2381,0.1416,-1.0583,-0.3979
2025-04-14 20:00:00+00:00,1.5123,0.8922,-0.1232,0.9025,0.7312,0.4005,0.6392,-0.3624,0.5002,0.5366,-0.1844,0.1486,0.1536,-1.0583,-0.4399
2025-04-15 20:00:00+00:00,1.5245,0.8796,0.0089,0.902,0.6727,0.4005,0.6392,-0.3624,0.5796,0.62,-0.1844,0.0979,0.2356,-1.0583,-0.4433
2025-04-16 20:00:00+00:00,1.5389,0.8924,-0.1529,0.8332,0.671,0.4005,0.6826,-0.3624,0.5773,0.4689,-0.1844,0.0922,0.0644,-1.0583,-0.5517
2025-04-17 20:00:00+00:00,1.5466,0.8828,-0.0377,0.7962,0.6166,0.4005,0.6976,-0.3624,0.613,0.4465,-0.1844,0.0277,0.0798,-1.0583,-0.5127
2025-04-18 20:00:00+00:00,1.5633,0.9394,-0.1062,0.8391,0.6687,0.4005,0.6976,-0.3624,0.613,0.4573,-0.1844,0.0142,0.0696,-1.0583,-0.5279
2025-04-21 16:00:00+00:00,1.5515,0.9382,-0.1831,0.6964,0.5364,0.4005,0.6844,-0.3624,0.613,0.4862,-0.1844,-0.0614,-0.0576,-1.0583,-0.7047
2025-04-22 16:00:00+00:00,1.583,0.9201,-0.1315,0.7331,0.6674,0.4005,0.7448,-0.3624,0.6222,0.4821,-0.1678,0.0075,-0.0298,-1.0583,-0.6759
2025-04-23 16:00:00+00:00,1.6062,0.9732,-0.1048,0.7864,0.6333,0.4198,0.7652,-0.3132,0.6379,0.5019,-0.1538,0.0941,-0.0154,-1.0583,-0.6546
2025-04-24 16:00:00+00:00,1.6062,0.9791,-0.0719,0.7864,0.521,0.4198,0.7652,-0.3132,0.6281,0.5019,-0.131,0.0937,-0.0154,-1.0583,-0.6546
2025-04-25 16:00:00+00:00,1.6062,0.9888,-0.0418,0.7864,0.6203,0.4198,0.7757,-0.2847,0.6511,0.5019,-0.1458,0.1113,-0.0154,-1.0604,-0.6546
2025-04-28 12:00:00+00:00,1.6062,0.9888,-0.0173,0.7966,0.6695,0.4198,0.7866,-0.2847,0.6511,0.5019,-0.1423,0.0865,-0.0154,-1.0433,-0.6546
2025-04-29 12:00:00+00:00,1.6062,1.002,-0.0173,0.8069,0.6695,0.4222,0.7866,-0.2847,0.6511,0.5162,-0.1279,0.0825,-0.0154,-1.0433,-0.6546
2025-04-30 12:00:00+00:00,1.6062,1.0028,-0.0173,0.8069,0.6885,0.4389,0.7866,-0.2847,0.6511,0.5162,-0.1236,0.1411,-0.0154,-1.0433,-0.6546
2025-05-01 12:00:00+00:00,1.6062,1.031,-0.018,0.8069,0.6718,0.4595,0.6512,-0.2614,0.6397,0.5311,-0.1606,0.1411,0.0019,-1.0763,-0.7146
2025-05-02 12:00:00+00:00,1.6062,1.0423,0.0261,0.8017,0.7054,0.4419,0.713,-0.2779,0.6516,0.5389,-0.0826,0.1411,0.0187,-1.0498,-0.6019
2025-05-05 08:00:00+00:00,1.5882,1.0375,0.0261,0.7534,0.7054,0.4139,0.8134,-0.3209,0.6634,0.5461,-0.065,0.1411,0.0187,-1.0103,-0.5789
2025-05-06 08:00:00+00:00,1.6054,1.0607,0.0261,0.7989,0.7229,0.4976,0.8541,-0.2965,0.6881,0.5461,-0.065,0.1411,0.0187,-1.0107,-0.5789
2025-05-07 08:00:00+00:00,1.6512,1.0607,0.0261,0.7778,0.7414,0.5366,0.8541,-0.2846,0.6881,0.56,-0.065,0.156,0.0187,-0.9945,-0.5549
2025-05-08 08:00:00+00:00,1.6512,1.0607,0.0261,0.8518,0.7414,0.5366,0.8541,-0.2416,0.6876,0.5617,-0.0655,0.156,0.0187,-0.9945,-0.5484
2025-05-09 08:00:00+00:00,1.6512,1.0606,0.0403,0.8745,0.7414,0.5366,0.8759,-0.2349,0.7059,0.5515,-0.0646,0.1758,0.0214,-0.9792,-0.5401
2025-05-12 04:00:00+00:00,1.6687,1.0721,-0.076,0.8745,0.7414,0.5363,0.7866,-0.2963,0.7059,0.5109,-0.1782,0.1754,-0.0704,-0.9952,-0.8022
2025-05-13 04:00:00+00:00,1.6735,1.1004,-0.0027,0.8982,0.7414,0.558,0.8058,-0.2924,0.6946,0.4945,-0.2408,0.1938,-0.0374,-0.9982,-0.8028
2025-05-14 04:00:00+00:00,1.6715,1.0857,0.0305,0.8822,0.7444,0.5639,0.8178,-0.3402,0.7167,0.6007,-0.3054,0.1928,0.1001,-1.0425,-0.7766
2025-05-15 04:00:00+00:00,1.6971,1.0866,0.1277,0.9218,0.7611,0.5767,0.9117,-0.2217,0.7274,0.5964,-0.2668,0.2082,0.1001,-0.9549,-0.7294
2025-05-16 04:00:00+00:00,1.6971,1.1067,0.1277,0.9218,0.7611,0.5949,0.9443,-0.2075,0.7328,0.6128,-0.2668,0.2082,0.1001,-0.9511,-0.7294
2025-05-19 00:00:00+00:00,1.6971,1.1067,0.1277,0.9218,0.7611,0.5949,0.9635,-0.2075,0.7351,0.6246,-0.2668,0.2082,0.1149,-0.9645,-0.7294
2025-05-20 00:00:00+00:00,1.6971,1.1067,0.1277,0.9218,0.7611,0.6109,0.974,-0.2075,0.7599,0.6246,-0.2668,0.2076,0.1319,-0.9382,-0.7294
2025-05-21 00:00:00+00:00,1.6971,1.1182,0.101,0.9218,0.7611,0.6158,0.9866,-0.209,0.773,0.6246,-0.2668,0.1677,0.1315,-0.9242,-0.7342
2025-05-22 00:00:00+00:00,1.6971,1.1309,0.1328,0.9218,0.7611,0.6509,1.0171,-0.2138,0.773,0.6211,-0.2668,0.1738,0.1323,-0.9242,-0.7715
2025-05-23 00:00:00+00:00,1.7086,1.1309,0.1791,0.9218,0.759,0.6659,1.0353,-0.2102,0.789,0.654,-0.2489,0.152,0.1682,-0.9072,-0.7587
2025-05-25 20:00:00+00:00,1.7172,1.1309,0.1753,0.8993,0.7776,0.6767,1.0588,-0.1908,0.789,0.5893,-0.2489,0.0383,0.1731,-0.8877,-0.8127
2025-05-26 20:00:00+00:00,1.7172,1.1329,0.1611,0.9565,0.7776,0.6761,1.0588,-0.1908,0.789,0.6088,-0.2489,-0.0034,0.1739,-0.8877,-0.8169
2025-05-27 20:00:00+00:00,1.7361,1.1426,0.2219,0.9641,0.7935,0.6888,1.0786,-0.1764,0.8019,0.6968,-0.2396,0.0154,0.2376,-0.8782,-0.6385
2025-05-28 20:00:00+00:00,1.7552,1.1815,0.2235,0.9641,0.7935,0.7234,1.0637,-0.1626,0.808,0.6968,-0.3084,0.044,0.2372,-0.872,-0.6611
2025-05-29 20:00:00+00:00,1.7552,1.2066,0.2428,0.9641,0.7935,0.7234,1.1259,-0.1642,0.8115,0.6968,-0.2207,0.044,0.2518,-0.8694,-0.5892
2025-05-30 20:00:00+00:00,1.7452,1.2066,0.2667,0.9641,0.7935,0.7392,1.1259,-0.1591,0.8314,0.6928,-0.2207,0.044,0.2717,-0.8597,-0.5892
2025-06-02 16:00:00+00:00,1.7743,1.2058,0.2571,0.961,0.7935,0.7392,1.1259,-0.1428,0.8314,0.6756,-0.2207,0.0452,0.2611,-0.8597,-0.5963
2025-06-03 16:00:00+00:00,1.7743,1.2192,0.287,0.9843,0.8144,0.7392,1.1259,-0.1254,0.8314,0.6919,-0.203,0.0573,0.2886,-0.8597,-0.5659
2025-06-04 16:00:00+00:00,1.7743,1.2195,0.2916,0.9911,0.8144,0.7392,1.1483,-0.1254,0.8314,0.6551,-0.1856,0.0657,0.2937,-0.8438,-0.5579
2025-06-05 16:00:00+00:00,1.7743,1.2316,0.3064,1.0021,0.8318,0.7392,1.1569,-0.1254,0.8314,0.6516,-0.1752,0.0743,0.2977,-0.8361,-0.5422
2025-06-06 16:00:00+00:00,1.7743,1.2316,0.3064,1.0206,0.8318,0.7392,1.1683,-0.1254,0.8076,0.6969,-0.164,0.0845,0.3181,-0.8401,-0.5381
2025-06-09 12:00:00+00:00,1.7743,1.2316,0.3064,1.0095,0.8469,0.7398,1.2094,-0.1205,0.8191,0.6687,-0.1535,0.0961,0.3181,-0.8388,-0.5232
2025-06-10 12:00:00+00:00,1.7743,1.2316,0.3064,1.0386,0.8627,0.7171,1.189,-0.0991,0.7916,0.7331,-0.1377,0.1086,0.3181,-0.8879,-0.5041
2025-06-11 12:00:00+00:00,1.7743,1.2316,0.3064,1.0603,0.8627,0.7625,1.2132,-0.0991,0.7859,0.748,-0.1231,0.1086,0.3177,-0.9376,-0.4888
2025-06-12 12:00:00+00:00,1.7743,1.2316,0.2687,1.0666,0.8627,0.777,1.239,-0.1327,0.748,0.7281,-0.1098,0.1312,0.27,-0.9764,-0.4709
2025-06-13 12:00:00+00:00,1.7816,1.2316,0.2896,1.0666,0.8603,0.7944,1.2386,-0.1336,0.6718,0.6856,-0.091,0.14,0.3844,-0.8363,-0.4468
2025-06-16 08:00:00+00:00,1.7889,1.2316,0.2798,1.0666,0.8743,0.7944,1.2293,-0.125,0.617,0.6783,-0.091,0.14,0.3762,-0.852,-0.4468
2025-06-17 08:00:00+00:00,1.7967,1.2316,0.3307,1.0666,0.8822,0.7944,1.2048,-0.0772,0.629,0.6744,-0.0733,0.14,0.3819,-0.8868,-0.4468
2025-06-18 08:00:00+00:00,1.7967,1.2316,0.3769,1.0666,0.8822,0.7904,1.2682,-0.0772,0.6402,0.7445,-0.0733,0.1555,0.4038,-0.8513,-0.4299
2025-06-19 08:00:00+00:00,1.7967,1.2378,0.3769,1.0666,0.8822,0.8292,1.2682,-0.0772,0.6396,0.7473,-0.0561,0.1805,0.4038,-0.8085,-0.4302
2025-06-20 08:00:00+00:00,1.7967,1.2431,0.3769,1.0898,0.8822,0.8292,1.2682,-0.0772,0.6389,0.7476,-0.0561,0.193,0.4038,-0.827,-0.413
2025-06-23 04:00:00+00:00,1.8187,1.2431,0.3769,1.0767,0.883,0.836,1.2268,-0.0892,0.481,0.7283,-0.1205,0.1985,0.4038,-0.9536,-0.5139
2025-06-24 04:00:00+00:00,1.8425,1.2431,0.3803,1.145,0.9028,0.8457,1.3066,-0.0344,0.644,0.7728,-0.0764,0.232,0.3959,-0.9239,-0.5576
2025-06-25 04:00:00+00:00,1.8425,1.2431,0.3154,1.145,0.9385,0.8443,1.3258,-0.0344,0.4676,0.7728,-0.1185,0.2311,0.4097,-0.9182,-0.5576
2025-06-26 04:00:00+00:00,1.8425,1.2431,0.2525,1.145,0.9186,0.8243,1.325,-0.0382,0.5398,0.7728,-0.1256,0.1139,0.2879,-0.9117,-0.5569
2025-06-27 04:00:00+00:00,1.8425,1.2431,0.2038,1.1381,0.9455,0.8724,1.3465,-0.0189,0.4283,0.7779,-0.1645,0.1115,0.283,-0.957,-0.5368
2025-06-30 00:00:00+00:00,1.8598,1.2431,0.2032,1.1622,0.9641,0.8772,1.3465,-0.0225,0.3996,0.798,-0.0957,0.15,0.286,-0.934,-0.5368
2025-07-01 00:00:00+00:00,1.8598,1.2431,0.1229,1.1817,0.9785,0.883,1.3465,-0.0291,0.3845,0.7995,-0.0585,0.1133,0.1665,-0.9916,-0.5142
2025-07-02 00:00:00+00:00,1.8598,1.2431,0.1208,1.17,0.9672,0.883,1.3728,-0.0233,0.4195,0.8132,-0.0428,0.0287,0.1611,-0.9138,-0.502
2025-07-03 00:00:00+00:00,1.8598,1.2431,0.1347,1.2124,0.9947,0.8888,1.3832,-0.0309,0.4155,0.8151,-0.0356,0.0654,0.1818,-0.8981,-0.4711
2025-07-04 00:00:00+00:00,1.8598,1.2539,0.1827,1.2303,1.0115,0.9048,1.4006,-0.011,0.3862,0.8228,-0.024,0.0654,0.1986,-0.8934,-0.4711
2025-07-06 20:00:00+00:00,1.8598,1.2539,0.1866,1.2303,1.0115,0.9116,1.4006,-0.0105,0.3947,0.8373,-0.024,0.0654,0.1961,-0.9038,-0.4711
2025-07-07 20:00:00+00:00,1.8716,1.2539,0.1972,1.2325,1.0146,0.9169,1.4023,-0.0256,0.3089,0.8373,-0.0195,0.0794,0.2101,-0.9772,-0.4797
2025-07-08 20:00:00+00:00,1.8765,1.2379,0.1972,1.2466,1.0385,0.9392,1.3147,0.0219,0.2056,0.8373,-0.044,0.1072,0.2101,-1.095,-0.5716
2025-07-09 20:00:00+00:00,1.8765,1.2269,0.1965,1.2466,1.069,0.9392,1.3925,0.0219,0.2094,0.8495,0.003,0.1184,0.2101,-1.0966,-0.4708
2025-07-10 20:00:00+00:00,1.8668,1.2027,0.2123,1.2424,1.069,0.8837,1.3475,0.0082,0.2261,0.8495,0.0187,0.1295,0.2241,-1.0813,-0.4976
2025-07-11 20:00:00+00:00,1.8693,1.1541,0.2123,1.2747,1.069,0.8173,1.3853,0.0119,0.149,0.8616,0.0344,0.0808,0.2374,-1.1065,-0.6605
2025-07-14 16:00:00+00:00,1.8942,1.139,0.2123,1.283,1.0659,0.8211,1.358,0.0315,0.1355,0.8616,0.0344,0.0104,0.2633,-1.1132,-0.716
2025-07-15 16:00:00+00:00,1.8942,1.1328,0.2041,1.2865,1.0785,0.8607,1.2731,0.0506,0.0377,0.8616,0.0344,-0.0618,0.2616,-1.1394,-0.7823
2025-07-16 16:00:00+00:00,1.8942,1.0947,0.249,1.3172,1.0709,0.8637,1.4482,0.0506,0.0608,0.8731,0.0478,-0.0497,0.2921,-1.048,-0.6772
2025-07-17 16:00:00+00:00,1.9122,1.1163,0.2489,1.3197,1.0955,0.9415,1.4429,0.0506,0.0743,0.8745,0.0478,-0.0489,0.2891,-1.0339,-0.6995
2025-07-18 16:00:00+00:00,1.9134,1.1163,0.2686,1.338,1.1162,0.9415,1.4278,0.0506,0.0696,0.8849,0.0573,-0.0362,0.3194,-1.0367,-0.7159
2025-07-21 12:00:00+00:00,1.9134,1.1163,0.2686,1.338,1.1162,0.9415,1.4564,0.0506,0.0875,0.8849,0.0598,-0.0238,0.3194,-1.0217,-0.6479
2025-07-22 12:00:00+00:00,1.9134,1.1163,0.2678,1.338,1.1299,0.9415,1.4713,0.0618,0.0875,0.8844,0.0593,-0.0238,0.332,-1.0016,-0.6482
2025-07-23 12:00:00+00:00,1.9134,1.1163,0.2846,1.2926,1.1331,0.9536,1.471,0.0746,0.0875,0.9088,0.0884,-0.0419,0.3311,-1.0081,-0.5911
2025-07-24 12:00:00+00:00,1.9088,1.1163,0.3006,1.2935,1.115,0.9545,1.471,0.0895,0.0875,0.9195,0.0884,-0.0009,0.3237,-1.0081,-0.569
2025-07-25 12:00:00+00:00,1.9292,1.1163,0.3006,1.3881,1.1174,0.9489,1.471,0.0895,0.0875,0.9195,0.0884,-0.0097,0.3735,-1.002,-0.569
2025-07-28 08:00:00+00:00,1.9455,1.1253,0.2998,1.395,1.1584,0.9812,1.471,0.0895,0.1025,0.9379,0.0884,-0.0015,0.3869,-0.993,-0.5632
2025-07-29 08:00:00+00:00,1.9455,1.1253,0.234,1.3664,1.1584,0.9945,1.471,0.0854,0.1025,0.9253,0.1005,-0.0917,0.2947,-0.9777,-0.5877
2025-07-30 08:00:00+00:00,1.9455,1.1253,0.2352,1.347,1.1584,0.9945,1.471,0.0897,0.0987,0.91,0.1131,-0.0433,0.2722,-0.9885,-0.5573
2025-07-31 08:00:00+00:00,1.9657,1.1253,0.1463,1.2546,1.1737,0.9945,1.471,0.1097,0.1422,0.8625,0.1283,-0.1727,0.1578,-0.9349,-0.5424
2025-08-01 08:00:00+00:00,1.9657,1.1253,0.1141,1.1834,1.1607,0.9945,1.4889,0.123,0.1422,0.8126,0.1283,-0.2285,0.1341,-0.9349,-0.5866
2025-08-04 04:00:00+00:00,1.9657,1.1253,0.1565,1.3428,1.2066,0.9945,1.496,0.1412,0.1361,0.9724,0.1311,-0.1232,0.164,-0.9191,-0.4415
2025-08-05 04:00:00+00:00,1.9657,1.1253,0.1565,1.2941,1.2,0.9945,1.5043,0.1412,0.1074,0.9724,0.1253,-0.1111,0.164,-0.9478,-0.4229
2025-08-06 04:00:00+00:00,1.9657,1.1253,0.1565,1.3708,1.2211,0.9945,1.533,0.1412,0.1511,0.9724,0.1747,-0.1111,0.164,-0.9211,-0.4162
2025-08-07 04:00:00+00:00,1.9657,1.1253,0.1565,1.3701,1.2211,0.9945,1.533,0.1562,0.1834,0.9724,0.1747,-0.1111,0.1462,-0.9019,-0.3989
2025-08-08 04:00:00+00:00,1.9657,1.1253,0.1565,1.4029,1.2211,1.0097,1.533,0.1562,0.1848,0.9724,0.1747,-0.1248,0.1763,-0.9019,-0.3581
2025-08-11 00:00:00+00:00,1.9657,1.1253,0.1565,1.4162,1.2211,1.0097,1.533,0.1562,0.1971,0.9724,0.1742,-0.1416,0.1694,-0.8995,-0.3581
2025-08-12 00:00:00+00:00,1.9657,1.1253,0.1533,1.4162,1.2211,1.0097,1.533,0.1562,0.2114,0.9724,0.1494,-0.0864,0.1935,-0.8907,-0.3581
2025-08-13 00:00:00+00:00,1.9657,1.1253,0.17,1.4298,1.2212,1.0132,1.533,0.1562,0.2114,0.9724,0.1123,-0.136,0.1879,-0.909,-0.3581
2025-08-14 00:00:00+00:00,1.9673,1.1253,0.1849,1.4316,1.2231,1.016,1.5447,0.1562,0.2109,0.9724,0.1709,-0.2531,0.183,-0.8803,-0.3585
2025-08-15 00:00:00+00:00,1.9813,1.1253,0.1849,1.4444,1.2476,0.9676,1.5617,0.1746,0.227,0.977,0.1992,-0.2455,0.2219,-0.8648,-0.3399
2025-08-17 20:00:00+00:00,1.9813,1.1253,0.1849,1.4444,1.2476,0.9798,1.5616,0.1603,0.227,0.9818,0.2031,-0.2502,0.2209,-0.8648,-0.3399
2025-08-18 20:00:00+00:00,1.9813,1.1253,0.1849,1.4444,1.2476,0.9897,1.5783,0.19,0.227,0.9904,0.2304,-0.2327,0.2326,-0.8648,-0.3399
2025-08-19 20:00:00+00:00,1.9813,1.1336,0.1849,1.4511,1.2476,0.9185,1.5832,0.1813,0.227,0.9868,0.2304,-0.2327,0.2326,-0.8648,-0.3399
2025-08-20 20:00:00+00:00,1.985,1.1463,0.1883,1.4292,1.2458,0.876,1.5732,0.1442,0.227,0.9826,0.2444,-0.2327,0.2326,-0.8508,-0.3399
2025-08-21 20:00:00+00:00,1.9877,1.1632,0.1971,1.4077,1.2519,0.8921,1.6121,0.1689,0.227,0.9664,0.2444,-0.2208,0.2357,-0.8508,-0.3416
2025-08-22 20:00:00+00:00,1.9982,1.1521,0.1909,1.49,1.2643,0.8921,1.623,0.1857,0.2404,1.011,0.2444,-0.2027,0.2448,-0.8508,-0.317
2025-08-25 16:00:00+00:00,1.9982,1.1295,0.2134,1.5036,1.2643,0.8921,1.6281,0.2101,0.2404,1.011,0.2444,-0.197,0.2725,-0.8508,-0.3041
2025-08-26 16:00:00+00:00,1.9982,1.1952,0.2134,1.5036,1.2786,0.8921,1.6281,0.2275,0.2404,1.011,0.2444,-0.197,0.2725,-0.8508,-0.3041
2025-08-27 16:00:00+00:00,1.9982,1.201,0.2134,1.5029,1.2944,0.9032,1.6281,0.2084,0.2404,1.0105,0.2444,-0.197,0.2872,-0.8508,-0.3041
2025-08-28 16:00:00+00:00,1.9982,1.2052,0.2401,1.4804,1.3245,0.8959,1.6281,0.2247,0.2404,0.9965,0.2444,-0.197,0.2872,-0.8508,-0.2947
2025-08-29 16:00:00+00:00,1.9982,1.2074,0.2639,1.4534,1.3245,0.8819,1.6281,0.2137,0.2404,0.9768,0.2552,-0.197,0.2894,-0.8508,-0.2872
2025-09-01 12:00:00+00:00,1.9982,1.2177,0.2755,1.4421,1.3245,0.8895,1.6281,0.2438,0.2404,0.9987,0.258,-0.1961,0.2889,-0.8437,-0.2872
2025-09-02 12:00:00+00:00,1.9982,1.2252,0.2755,1.5394,1.3373,0.8135,1.6581,0.2535,0.2466,1.0263,0.2655,-0.1707,0.3177,-0.8481,-0.2686
2025-09-03 12:00:00+00:00,1.9982,1.227,0.2755,1.5386,1.35,0.7919,1.6886,0.2674,0.2618,1.0263,0.2655,-0.1372,0.325,-0.8561,-0.2347
2025-09-04 12:00:00+00:00,1.9982,1.2156,0.2755,1.5524,1.35,0.9009,1.6886,0.2784,0.2616,1.03,0.2655,-0.1372,0.325,-0.8855,-0.2297
2025-09-05 12:00:00+00:00,1.9974,1.2568,0.2747,1.5517,1.3491,0.9009,1.6878,0.2784,0.2616,1.0356,0.2655,-0.1376,0.3246,-0.8409,-0.217
2025-09-08 08:00:00+00:00,1.9959,1.2568,0.2772,1.5267,1.3102,0.9015,1.7044,0.2779,0.2553,1.0463,0.2782,-0.1236,0.3328,-0.8284,-0.1976
2025-09-09 08:00:00+00:00,1.9526,1.2568,0.2652,1.4897,1.2744,0.9117,1.7036,0.2901,0.3095,1.0463,0.2782,-0.1282,0.3338,-0.8161,-0.1961
2025-09-10 08:00:00+00:00,1.9163,1.2568,0.3318,1.4952,1.2351,0.9024,1.7183,0.2754,0.3,1.0463,0.2782,-0.0964,0.3652,-0.8161,-0.1758
2025-09-11 08:00:00+00:00,1.897,1.2568,0.3318,1.525,1.2469,0.8917,1.7213,0.2573,0.3,1.0388,0.2782,-0.0854,0.3652,-0.8161,-0.1758
2025-09-12 08:00:00+00:00,1.7841,1.256,0.3471,1.3632,1.1665,0.8579,1.7353,0.2236,0.3001,1.0576,0.2777,-0.0743,0.3652,-0.8161,-0.1758
2025-09-15 04:00:00+00:00,1.7665,1.2511,0.3471,1.3283,1.1568,0.8482,1.7353,0.1855,0.3072,1.0576,0.2852,-0.0748,0.3652,-0.8161,-0.1758
2025-09-16 04:00:00+00:00,1.7995,1.2758,0.3259,1.3298,1.1819,0.9179,1.7353,0.2917,0.3153,1.055,0.3049,-0.1018,0.342,-0.8161,-0.1762
2025-09-17 04:00:00+00:00,1.7995,1.2758,0.258,1.326,1.1819,0.9339,1.7353,0.311,0.309,1.0614,0.316,-0.1068,0.3019,-0.8207,-0.1522
2025-09-18 04:00:00+00:00,1.8152,1.2599,0.1618,1.4032,1.172,0.9339,1.749,0.3236,0.3037,1.08,0.316,-0.1704,0.1955,-0.8237,-0.1276
2025-09-19 04:00:00+00:00,1.8152,1.2607,0.1788,1.4097,1.1337,0.9339,1.7635,0.3376,0.3524,1.08,0.328,-0.157,0.2116,-0.786,-0.1109
2025-09-22 00:00:00+00:00,1.8228,1.25,0.1788,1.4027,1.0938,0.9339,1.7578,0.3492,0.3524,1.08,0.328,-0.1703,0.2116,-0.786,-0.1096
2025-09-23 00:00:00+00:00,1.8344,1.2526,0.1788,1.3962,1.1115,0.9339,1.7781,0.3237,0.3519,1.08,0.328,-0.1448,0.2116,-0.7934,-0.0933
2025-09-24 00:00:00+00:00,1.8344,1.1946,0.1788,1.4167,1.1337,0.9339,1.7781,0.3926,0.3623,1.08,0.328,-0.1448,0.222,-0.7964,-0.0933
2025-09-25 00:00:00+00:00,1.8344,1.1331,0.1788,1.43,1.1221,0.9475,1.7781,0.3926,0.3491,1.0704,0.328,-0.1511,0.2322,-0.8109,-0.1017
2025-09-26 00:00:00+00:00,1.8344,1.1453,0.1914,1.4228,0.9869,0.9475,1.786,0.3926,0.3314,1.0266,0.328,-0.2438,0.2335,-0.8204,-0.147
2025-09-28 20:00:00+00:00,1.8344,1.1576,0.2055,1.4605,1.023,0.9475,1.789,0.3926,0.3246,1.02,0.328,-0.2282,0.2472,-0.8267,-0.1341
2025-09-29 20:00:00+00:00,1.8344,1.1304,0.2055,1.4607,0.9716,0.9475,1.8001,0.3926,0.3723,1.0527,0.328,-0.2159,0.2541,-0.7869,-0.1258
2025-09-30 20:00:00+00:00,1.8251,1.0994,0.2055,1.4656,0.9844,0.9612,1.8087,0.4082,0.3981,1.039,0.3246,-0.2159,0.2541,-0.7841,-0.1153
2025-10-01 20:00:00+00:00,1.8137,1.1477,0.2055,1.4846,0.9844,0.9708,1.7191,0.4304,0.3486,1.0123,0.2978,-0.2059,0.2541,-0.7742,-0.1123
2025-10-02 20:00:00+00:00,1.8314,1.1849,0.2055,1.4846,0.9997,0.9708,1.6963,0.4304,0.3537,0.9807,0.2729,-0.1932,0.2541,-0.7456,-0.1096
2025-10-03 20:00:00+00:00,1.8454,1.1849,0.2055,1.4846,1.0079,0.9708,1.7522,0.4304,0.4462,1.0016,0.3334,-0.1932,0.2541,-0.733,-0.0767
2025-10-06 16:00:00+00:00,1.8079,1.1849,0.2055,1.4846,1.0138,0.9708,1.8465,0.4464,0.373,0.9952,0.3308,-0.1932,0.2676,-0.6767,-0.1063
2025-10-07 16:00:00+00:00,1.8561,1.1849,0.2055,1.4846,1.0276,0.9708,1.7335,0.4552,0.288,0.9867,0.2535,-0.1932,0.2556,-0.7136,-0.266
2025-10-08 16:00:00+00:00,1.8561,1.2025,0.1976,1.4974,1.0589,0.9708,1.6187,0.4611,0.247,1.01,0.1892,-0.1709,0.2362,-0.7635,-0.3811
2025-10-09 16:00:00+00:00,1.8561,1.211,0.1368,1.4944,1.0697,0.9747,1.61,0.4847,0.3217,1.0036,0.2949,-0.157,0.1524,-0.7186,-0.3637
2025-10-10 16:00:00+00:00,1.8479,1.2264,0.2414,1.3908,1.0716,0.9879,1.6459,0.4895,0.372,1.0245,0.3984,-0.1338,0.2431,-0.6545,-0.3122
2025-10-13 12:00:00+00:00,1.8783,1.2264,0.2492,1.4602,1.0905,1.008,1.6459,0.518,0.3606,1.0296,0.3984,-0.1285,0.1745,-0.6324,-0.3113
2025-10-14 12:00:00+00:00,1.9032,1.2264,0.2583,1.4361,1.1026,1.0245,1.6459,0.5209,0.4139,1.0314,0.3984,-0.1014,0.2322,-0.6324,-0.2933
2025-10-15 12:00:00+00:00,1.9032,1.2264,0.2666,1.5035,1.1103,1.0315,1.6459,0.5416,0.4179,1.0383,0.3984,-0.1013,0.26,-0.6324,-0.2877
2025-10-16 12:00:00+00:00,1.9032,1.2422,0.2762,1.4341,1.1103,1.0154,1.6624,0.5212,0.4422,1.0504,0.3984,-0.0954,0.26,-0.6324,-0.2877
2025-10-17 12:00:00+00:00,1.927,1.2589,0.2472,1.4191,1.1103,1.0052,1.6576,0.5148,0.4422,1.0579,0.419,-0.0877,0.2721,-0.6153,-0.2448
2025-10-20 08:00:00+00:00,1.927,1.2589,0.2572,1.4313,1.1103,1.0248,1.7074,0.5447,0.4559,1.0579,0.419,-0.0877,0.2721,-0.6153,-0.2448
2025-10-21 08:00:00+00:00,1.927,1.2589,0.2951,1.5053,1.1103,1.0753,1.7074,0.5904,0.4211,1.0579,0.419,-0.0877,0.2721,-0.6153,-0.2441
2025-10-22 08:00:00+00:00,1.927,1.2594,0.3119,1.5053,1.1103,1.0753,1.7234,0.5904,0.4557,1.0579,0.419,-0.0858,0.2603,-0.6153,-0.241
2025-10-23 08:00:00+00:00,1.9437,1.2678,0.3119,1.5053,1.1103,1.0753,1.6922,0.5904,0.4093,1.0579,0.4217,-0.0754,0.2761,-0.6157,-0.2396
2025-10-24 08:00:00+00:00,1.9437,1.2678,0.3119,1.5053,1.1103,1.0903,1.6983,0.5904,0.3502,1.0579,0.4443,-0.0829,0.2892,-0.6465,-0.2512
2025-10-27 08:00:00+00:00,1.9437,1.2804,0.3119,1.4868,1.1231,1.0727,1.6758,0.5834,0.362,1.0579,0.4541,-0.0525,0.2892,-0.658,-0.2251
2025-10-28 08:00:00+00:00,1.942,1.2895,0.3119,1.492,1.1231,1.0365,1.7466,0.592,0.4193,1.0579,0.4678,-0.0525,0.2981,-0.6226,-0.2046
2025-10-29 08:00:00+00:00,1.941,1.3008,0.3119,1.4069,1.1231,0.9082,1.7619,0.4581,0.4312,1.0587,0.4335,-0.0898,0.2981,-0.6025,-0.2046
2025-10-30 08:00:00+00:00,1.979,1.3263,0.3406,1.5342,1.1231,0.9478,1.6702,0.4727,0.4306,1.0951,0.5052,-0.1178,0.3092,-0.6201,-0.2329
2025-10-31 08:00:00+00:00,1.979,1.3377,0.321,1.5606,1.1345,0.9228,1.7012,0.48,0.4468,1.0951,0.5052,-0.1954,0.3099,-0.6044,-0.2276
2025-11-03 08:00:00+00:00,1.979,1.328,0.2618,1.5606,1.1381,0.9099,1.7245,0.4464,0.4468,1.0951,0.5052,-0.1978,0.2769,-0.5865,-0.235
2025-11-04 08:00:00+00:00,1.979,1.3012,0.2104,1.5467,1.1093,0.9858,1.7668,0.5049,0.4306,1.0892,0.4795,-0.2566,0.2458,-0.5869,-0.1765
2025-11-05 08:00:00+00:00,1.979,1.2907,0.1897,1.5183,1.1117,0.9911,1.7643,0.5049,0.4326,1.048,0.4983,-0.272,0.2475,-0.5518,-0.1765
2025-11-06 08:00:00+00:00,1.979,1.2724,0.2226,1.5935,1.1154,0.9899,1.7828,0.5049,0.4847,1.0831,0.567,-0.182,0.3025,-0.5419,-0.1639
2025-11-07 08:00:00+00:00,1.979,1.2056,0.2927,1.6078,1.0516,1.0014,1.8011,0.5285,0.4858,1.0708,0.5846,-0.1699,0.3337,-0.529,-0.1639
2025-11-10 08:00:00+00:00,1.979,1.1817,0.314,1.6264,0.9913,1.0192,1.7973,0.5437,0.4944,1.1183,0.5842,-0.1699,0.3424,-0.5305,-0.1639
2025-11-11 08:00:00+00:00,1.979,1.2398,0.314,1.6264,1.0263,1.0192,1.7968,0.5437,0.4581,1.1247,0.6005,-0.1699,0.3424,-0.5292,-0.1632
2025-11-12 08:00:00+00:00,1.979,1.2515,0.3075,1.6264,1.0474,1.0316,1.7642,0.5437,0.3295,1.1247,0.5971,-0.1699,0.3523,-0.5797,-0.1654
2025-11-13 08:00:00+00:00,1.979,1.2658,0.2766,1.6222,1.1139,1.0324,1.7467,0.5585,0.2832,1.1359,0.5934,-0.1567,0.3554,-0.6149,-0.1256
2025-11-14 08:00:00+00:00,1.979,1.2744,0.1954,1.64,1.1139,1.0556,1.7972,0.5763,0.2235,1.1422,0.6468,-0.1432,0.3633,-0.6297,-0.1015
2025-11-17 08:00:00+00:00,1.979,1.2744,0.297,1.64,1.1139,1.0556,1.8237,0.5949,0.3047,1.1422,0.6464,-0.1432,0.3755,-0.6188,-0.1015
2025-11-18 08:00:00+00:00,1.979,1.2744,0.3396,1.6593,1.1139,1.0781,1.8359,0.6151,0.26,1.1422,0.6388,-0.1432,0.3755,-0.6758,-0.0888
2025-11-19 08:00:00+00:00,1.982,1.2744,0.3731,1.6593,1.1157,1.0781,1.7756,0.6151,0.3212,1.1513,0.6124,-0.1432,0.3755,-0.7264,-0.1235
2025-11-20 08:00:00+00:00,1.998,1.287,0.3515,1.6781,1.1191,1.0781,1.7034,0.6151,0.308,1.1513,0.5537,-0.15,0.3588,-0.7543,-0.2709
2025-11-21 08:00:00+00:00,2.0042,1.287,0.3509,1.6553,1.1463,1.0781,1.8468,0.6281,0.3581,1.1456,0.5324,-0.1172,0.398,-0.6958,-0.1882
2025-11-24 08:00:00+00:00,2.0177,1.287,0.359,1.7232,1.1463,1.097,1.8984,0.634,0.3581,1.1423,0.5262,-0.1028,0.4086,-0.6955,-0.1899
2025-11-25 08:00:00+00:00,2.0177,1.287,0.3064,1.7349,1.1463,1.1009,1.8984,0.634,0.3621,1.1374,0.5424,-0.1028,0.4086,-0.681,-0.1422
2025-11-26 08:00:00+00:00,2.0177,1.302,0.3912,1.7523,1.1637,1.134,1.8984,0.6523,0.3741,1.1567,0.5528,-0.1012,0.4086,-0.6783,-0.0893
2025-11-27 08:00:00+00:00,2.0177,1.2998,0.3912,1.7433,1.1465,1.134,1.8984,0.6523,0.3741,1.1567,0.5309,-0.0854,0.4201,-0.6692,-0.0893
2025-11-28 08:00:00+00:00,2.0177,1.3117,0.3912,1.7471,1.174,1.134,1.8984,0.6544,0.3741,1.1567,0.5655,-0.0722,0.4201,-0.6582,-0.0893
2025-12-01 08:00:00+00:00,2.0177,1.3041,0.3912,1.7039,1.2037,1.134,1.913,0.6633,0.3741,1.1692,0.5845,-0.0862,0.4291,-0.6582,-0.0993
2025-12-02 08:00:00+00:00,2.0177,1.3236,0.4038,1.715,1.2097,1.1341,1.913,0.6714,0.3741,1.1793,0.5845,-0.0756,0.4385,-0.6582,-0.0602
2025-12-03 08:00:00+00:00,2.0313,1.3236,0.403,1.6082,1.2245,1.1405,1.9273,0.6746,0.3741,1.1664,0.5844,-0.1025,0.4243,-0.6582,-0.0602
2025-12-04 08:00:00+00:00,2.0211,1.3236,0.3998,1.5715,1.227,1.1468,1.9265,0.6715,0.3741,1.177,0.6077,-0.174,0.4075,-0.6582,-0.047
2025-12-05 08:00:00+00:00,2.0273,1.3236,0.4168,1.5535,1.2504,1.1514,1.9406,0.6165,0.4011,1.1661,0.6196,-0.1433,0.4462,-0.6582,-0.0008
2025-12-08 08:00:00+00:00,2.0665,1.3236,0.4168,1.5436,1.2616,1.1372,1.9003,0.623,0.4127,1.0106,0.6305,-0.1146,0.4403,-0.6582,-0.0008
2025-12-09 08:00:00+00:00,2.0665,1.3236,0.4284,1.5354,1.2784,1.1596,1.8737,0.5957,0.4127,1.0203,0.5881,-0.1262,0.4687,-0.6583,0.007
2025-12-10 08:00:00+00:00,2.0665,1.3236,0.4403,1.5171,1.2784,1.1476,1.831,0.5486,0.4047,1.0216,0.5556,-0.0997,0.4687,-0.6984,-0.0098
2025-12-11 08:00:00+00:00,2.0665,1.3236,0.3929,1.5048,1.2784,1.1998,1.8742,0.6688,0.3521,0.9941,0.5596,-0.2179,0.451,-0.7087,0.0199
2025-12-12 08:00:00+00:00,2.0665,1.3236,0.3928,1.4785,1.2784,1.1998,1.7934,0.6688,0.3199,0.9562,0.5514,-0.2386,0.4357,-0.7389,0.0359
2025-12-15 08:00:00+00:00,2.0665,1.3352,0.41,1.5272,1.2943,1.1998,1.9351,0.6688,0.4466,0.9651,0.6296,-0.2326,0.4111,-0.6283,0.0363
2025-12-16 08:00:00+00:00,2.081,1.3352,0.4014,1.5844,1.3091,1.1993,1.9398,0.6669,0.4466,0.973,0.6296,-0.2231,0.3956,-0.6283,0.052
2025-12-17 08:00:00+00:00,2.0826,1.3352,0.4852,1.5844,1.3184,1.2267,1.9398,0.6762,0.4466,1.0083,0.6296,-0.2113,0.3383,-0.6283,0.0688
2025-12-18 08:00:00+00:00,2.0857,1.3352,0.4992,1.5966,1.3374,1.2418,1.9484,0.6833,0.4362,0.9961,0.6296,-0.2113,0.3483,-0.6221,0.0688
2025-12-19 08:00:00+00:00,2.1288,1.3352,0.5131,1.5966,1.3435,1.2581,1.8866,0.7011,0.3093,1.0136,0.6195,-0.1962,0.3593,-0.6822,0.0479
2025-12-22 08:00:00+00:00,2.1288,1.3352,0.5131,1.5966,1.359,1.2581,1.8497,0.7011,0.2915,1.0231,0.5427,-0.1967,0.3593,-0.7183,0.0373
2025-12-23 08:00:00+00:00,2.1288,1.3352,0.4568,1.5465,1.359,1.2581,1.9499,0.7047,0.3219,1.0085,0.6014,-0.2442,0.3402,-0.6363,0.0999
2025-12-24 08:00:00+00:00,2.1288,1.3352,0.4397,1.4985,1.359,1.2581,1.8925,0.6874,0.3132,0.9655,0.588,-0.2469,0.3439,-0.6319,0.0999
2025-12-25 08:00:00+00:00,2.1288,1.3352,0.4399,1.5311,1.359,1.2581,1.8787,0.6949,0.3179,0.9769,0.5583,-0.2606,0.355,-0.58,0.0999
2025-12-26 08:00:00+00:00,2.1288,1.3352,0.4922,1.5197,1.359,1.2581,1.8339,0.6799,0.3409,0.9864,0.5564,-0.2177,0.363,-0.5654,0.0999
2025-12-29 08:00:00+00:00,2.1288,1.3299,0.5187,1.4759,1.358,1.2695,1.8455,0.7337,0.3644,1.008,0.5738,-0.2107,0.3784,-0.5534,0.0999
2025-12-30 08:00:00+00:00,2.1288,1.3433,0.5187,1.4895,1.3689,1.2695,1.9087,0.7442,0.3644,1.0137,0.6133,-0.2337,0.3784,-0.5534,0.0999
2025-12-31 08:00:00+00:00,2.1288,1.318,0.5187,1.4943,1.3344,1.2695,1.9087,0.7442,0.3644,1.0255,0.6137,-0.1798,0.3908,-0.5534,0.0999
2026-01-01 08:00:00+00:00,2.1288,1.2985,0.5187,1.4943,1.3049,1.2695,1.9223,0.7442,0.3644,1.0255,0.6137,-0.1686,0.3873,-0.5534,0.108
2026-01-02 08:00:00+00:00,2.136,1.3087,0.5187,1.5058,1.3606,1.2689,1.9324,0.7415,0.3644,1.0255,0.6219,-0.1686,0.3869,-0.5449,0.1097
2026-01-05 08:00:00+00:00,2.141,1.2953,0.5199,1.5027,1.3796,1.2797,1.9324,0.7427,0.3644,1.0254,0.6313,-0.1686,0.3721,-0.5453,0.131
2026-01-06 08:00:00+00:00,2.0957,1.2977,0.5317,1.5071,1.3784,1.2797,1.9592,0.713,0.3644,1.0438,0.6485,-0.1592,0.4178,-0.524,0.131
2026-01-07 08:00:00+00:00,2.012,1.2592,0.5317,1.4655,1.3659,1.2964,1.961,0.6453,0.3663,1.0293,0.653,-0.155,0.4149,-0.5288,0.131
2026-01-08 08:00:00+00:00,2.0523,1.2418,0.5301,1.5319,1.4026,1.3085,1.9274,0.7492,0.3704,0.9769,0.653,-0.155,0.409,-0.5245,0.131
2026-01-09 08:00:00+00:00,2.0856,1.2046,0.5076,1.5319,1.4098,1.3085,1.9863,0.7363,0.3758,0.9685,0.653,-0.1594,0.3823,-0.5145,0.1208
2026-01-12 08:00:00+00:00,2.0019,1.2396,0.5551,1.5457,1.4098,1.3085,1.9863,0.721,0.382,0.9058,0.634,-0.1357,0.4345,-0.5185,0.092
2026-01-13 08:00:00+00:00,2.0122,1.2809,0.5551,1.5457,1.4087,1.3085,1.9852,0.7076,0.3427,0.9041,0.5258,-0.1357,0.4345,-0.5717,-0.0028
2026-01-14 08:00:00+00:00,2.0907,1.2809,0.5595,1.5457,1.4221,1.3085,1.9964,0.7472,0.3993,0.9006,0.5666,-0.1357,0.4325,-0.5412,-0.071
2026-01-15 08:00:00+00:00,2.0907,1.2809,0.5846,1.5457,1.4221,1.3085,1.9964,0.7472,0.3993,0.893,0.6275,-0.1357,0.4244,-0.4956,-0.076
2026-01-16 08:00:00+00:00,2.0907,1.2923,0.5818,1.5457,1.4221,1.3139,1.9964,0.7512,0.4131,0.9047,0.6719,-0.1262,0.415,-0.4956,-0.0583
2026-01-19 08:00:00+00:00,2.0907,1.295,0.5941,1.5457,1.411,1.3206,2.0104,0.7608,0.4131,0.9017,0.6849,-0.117,0.4249,-0.4823,-0.0583
2026-01-20 08:00:00+00:00,2.0907,1.2531,0.5596,1.5361,1.3589,1.3313,2.0238,0.7739,0.4083,0.9213,0.6993,-0.1108,0.4153,-0.4694,-0.0583
2026-01-21 08:00:00+00:00,2.0907,1.2617,0.5811,1.5238,1.3296,1.2984,2.0238,0.7739,0.4393,0.9311,0.6993,-0.106,0.4391,-0.4653,-0.0583
2026-01-22 08:00:00+00:00,2.0448,1.3183,0.6408,1.4137,1.2543,1.1904,2.0381,0.7572,0.4511,0.9418,0.6993,-0.106,0.4749,-0.4859,-0.0583
2026-01-23 08:00:00+00:00,1.9928,1.3328,0.6378,1.3465,1.1828,1.1876,2.0556,0.7004,0.5004,0.9341,0.7249,-0.1153,0.4725,-0.4318,-0.0393
2026-01-26 08:00:00+00:00,1.938,1.3328,0.4221,1.1706,1.1524,1.2038,2.0576,0.6987,0.5268,0.8469,0.7215,-0.2651,0.3412,-0.4317,-0.1579
2026-01-27 08:00:00+00:00,1.8739,1.3328,0.3461,1.1613,1.1187,1.2381,2.0635,0.7218,0.5382,0.879,0.7769,-0.3427,0.2665,-0.3797,-0.1569
2026-01-28 08:00:00+00:00,1.8369,1.3328,0.3576,1.0102,1.1461,1.1161,2.0991,0.6556,0.5382,0.728,0.7611,-0.3566,0.1275,-0.3858,-0.2977
2026-01-29 08:00:00+00:00,1.8595,1.3328,0.3496,1.0222,1.0877,1.1177,2.1433,0.5714,0.5382,0.7037,0.7918,-0.3933,0.13,-0.3499,-0.1818
2026-01-30 08:00:00+00:00,1.9111,1.3328,0.3394,1.1241,1.1093,1.1578,2.1433,0.5573,0.5382,0.6617,0.8142,-0.3701,0.1294,-0.329,-0.1272
2026-02-03 08:00:00+00:00,1.921,1.3328,0.3931,1.2013,0.9983,1.1236,2.1662,0.4524,0.5609,0.7951,0.8142,-0.2557,0.1586,-0.329,0.0226
2026-02-04 08:00:00+00:00,1.9076,1.3328,0.3931,1.1834,1.0466,1.1367,2.1551,0.4341,0.5237,0.7951,0.7394,-0.2557,0.1586,-0.3401,0.0029
2026-02-05 08:00:00+00:00,1.9392,1.3328,0.3931,1.2172,1.146,1.1181,2.1496,0.4897,0.51,0.7951,0.8404,-0.2466,0.1586,-0.3394,-0.0165
2026-02-06 08:00:00+00:00,1.9392,1.3328,0.3931,1.2172,1.146,1.081,2.1783,0.5729,0.5297,0.7951,0.8404,-0.2317,0.1635,-0.2843,-0.0103
2026-02-09 08:00:00+00:00,1.9387,1.3293,0.3799,1.2035,1.1626,1.0441,2.1951,0.5769,0.4621,0.7951,0.8404,-0.2208,0.1707,-0.2943,0.0499
2026-02-10 08:00:00+00:00,1.9376,1.3284,0.3223,1.162,1.1626,0.9734,2.2128,0.5618,0.4866,0.7916,0.8404,-0.2208,0.1546,-0.2529,0.0499
2026-02-11 08:00:00+00:00,1.9165,1.2963,0.3172,1.0992,1.1626,0.8864,2.2203,0.5176,0.6105,0.7877,0.8384,-0.2208,0.1489,-0.2756,0.0315
2026-02-12 08:00:00+00:00,1.8785,1.3125,0.4682,1.052,1.1626,0.8537,2.2539,0.4638,0.6358,0.8284,0.7843,-0.2208,0.1989,-0.27,0.1252
2026-02-13 08:00:00+00:00,1.9726,1.3625,0.4682,1.2792,1.1795,0.9224,2.2895,0.6337,0.5912,0.8284,0.7459,-0.2208,0.1989,-0.3062,0.1275
2026-02-16 08:00:00+00:00,1.9726,1.3824,0.4682,1.2792,1.1795,0.9224,2.3158,0.6337,0.5906,0.8284,0.7888,-0.2208,0.1989,-0.2991,0.1287
2026-02-17 08:00:00+00:00,1.9726,1.3824,0.4682,1.2792,1.1874,0.9253,2.3126,0.6337,0.5616,0.8284,0.685,-0.2089,0.1989,-0.3808,0.1417
2026-02-18 08:00:00+00:00,1.9726,1.3865,0.4682,1.2792,1.1939,0.9475,2.3334,0.6337,0.6025,0.8402,0.7831,-0.191,0.2079,-0.2929,0.1553
2026-02-19 08:00:00+00:00,1.9726,1.3853,0.4682,1.2792,1.2097,0.9367,2.3334,0.6434,0.6409,0.8506,0.8694,-0.2644,0.1837,-0.2295,0.1729
2026-02-20 08:00:00+00:00,1.9726,1.3496,0.4612,1.2792,1.2308,0.9374,2.3334,0.6621,0.6409,0.8541,0.8875,-0.2435,0.1673,-0.2295,0.1679
2026-02-23 08:00:00+00:00,1.9726,1.333,0.4819,1.2792,1.2452,0.914,2.3334,0.6666,0.6409,0.862,0.8875,-0.1516,0.2248,-0.2295,0.19
2026-02-24 08:00:00+00:00,1.9726,1.3517,0.4819,1.2792,1.2598,0.9523,2.3445,0.6666,0.6343,0.864,0.8961,-0.132,0.2248,-0.2222,0.1976
2026-02-25 08:00:00+00:00,1.9925,1.3089,0.4819,1.2984,1.2598,0.9872,2.3223,0.6761,0.6055,0.8719,0.8396,-0.1225,0.2248,-0.2527,0.171
2026-02-26 08:00:00+00:00,1.9984,1.2878,0.4819,1.307,1.2598,0.9721,2.3635,0.6629,0.6588,0.8719,0.8737,-0.1225,0.2248,-0.2224,0.2482
2026-02-27 08:00:00+00:00,2.0113,1.3017,0.4819,1.3348,1.2598,0.9788,2.4012,0.6866,0.6211,0.8719,0.9209,-0.1099,0.2248,-0.21,0.2651
2026-03-02 08:00:00+00:00,2.0113,1.2858,0.4985,1.3348,1.2813,1.0278,2.3739,0.7189,0.6034,0.8719,0.9209,-0.1027,0.2369,-0.2256,0.2443
2026-03-03 08:00:00+00:00,2.0113,1.2169,0.4484,1.3408,1.2123,1.0551,2.3552,0.7132,0.6897,0.8719,0.9209,-0.2057,0.0981,-0.1902,0.181
2026-03-04 08:00:00+00:00,2.0753,1.255,0.5764,1.4462,1.2179,1.0816,2.3495,0.765,0.6897,0.8875,0.9209,-0.0802,0.1628,-0.1559,0.2125
2026-03-05 08:00:00+00:00,2.0753,1.255,0.5878,1.4462,1.2147,1.0816,2.3043,0.7897,0.6897,0.8875,0.9209,-0.1077,0.119,-0.1416,0.1996
2026-03-06 08:00:00+00:00,2.1062,1.255,0.6097,1.4817,1.1199,1.0816,2.2874,0.7897,0.6897,0.8875,0.9209,-0.1709,0.0333,-0.1389,0.1464
2026-03-09 08:00:00+00:00,2.097,1.255,0.6097,1.5131,0.9839,1.0816,2.1076,0.7897,0.6805,0.8748,0.9368,-0.0132,-0.0447,-0.1389,0.081
2026-03-10 08:00:00+00:00,2.1719,1.2505,0.6097,1.5131,1.0062,1.0816,2.127,0.761,0.7035,0.8862,0.9231,-0.0132,-0.022,-0.1389,0.1648
2026-03-11 08:00:00+00:00,2.1866,1.1628,0.6097,1.5018,1.0062,1.0592,2.0994,0.646,0.7082,0.8875,0.8863,-0.0132,-0.022,-0.1389,0.0621
2026-03-12 08:00:00+00:00,2.2026,1.1594,0.6097,1.5214,1.0062,1.0829,2.1043,0.6376,0.717,0.9026,0.8974,-0.0132,-0.0158,-0.1389,-0.031
2026-03-13 08:00:00+00:00,2.2026,1.1591,0.5952,1.5419,1.0044,1.1259,2.1261,0.7314,0.7287,0.9069,0.9535,-0.0256,-0.0784,-0.1381,-0.048
2026-03-16 08:00:00+00:00,2.2026,1.1902,0.5836,1.5672,1.0956,1.1259,2.1626,0.7473,0.7433,0.9194,0.9535,0.0139,-0.0362,-0.1101,-0.0365
2026-03-17 08:00:00+00:00,2.2026,1.102,0.5851,1.5672,1.0956,1.1455,2.1626,0.7117,0.7433,0.9308,0.9535,0.0377,0.0365,-0.1101,-0.0376
2026-03-18 08:00:00+00:00,2.215,1.0929,0.6111,1.5672,1.0956,1.1622,2.1626,0.7175,0.7433,0.9399,0.9535,0.0377,0.0477,-0.1101,-0.0112
2026-03-19 08:00:00+00:00,2.2278,1.1207,0.4453,1.5892,1.1186,1.1622,2.1626,0.7823,0.7137,0.919,0.9658,0.0448,0.0517,-0.0968,0.0015
2026-03-20 08:00:00+00:00,2.2278,1.1979,0.6638,1.6146,1.1441,1.1801,2.1997,0.8002,0.7807,0.9303,0.9658,0.0731,0.0818,-0.0805,0.0187
2026-03-23 08:00:00+00:00,2.2617,1.2134,0.6898,1.6465,1.1801,1.1346,2.1997,0.8483,0.7807,0.9364,0.9658,0.0731,0.0818,-0.0648,0.0187
2026-03-24 08:00:00+00:00,2.2617,1.2234,0.6883,1.6545,1.1771,1.0635,2.1997,0.8259,0.7807,0.9364,0.9658,0.1007,0.1058,-0.0648,0.0187
2026-03-25 08:00:00+00:00,2.2617,1.2653,0.6883,1.682,1.1771,1.0395,2.2002,0.8155,0.7807,0.9446,0.9658,0.1007,0.1058,-0.0646,0.0187
2026-03-26 08:00:00+00:00,2.2617,1.2811,0.6883,1.6542,1.1771,1.0108,2.2163,0.8055,0.7807,0.9132,0.9658,0.1007,0.1058,-0.0538,0.0187
2026-03-27 08:00:00+00:00,2.2738,1.2906,0.6901,1.6295,1.1771,0.9225,2.2283,0.7826,0.777,0.8984,0.9658,0.1007,0.1058,-0.0553,0.0282
2026-03-30 04:00:00+00:00,2.2605,1.2947,0.6615,1.5577,1.1944,0.907,2.2194,0.718,0.7694,0.8395,0.9679,0.085,0.1179,-0.0456,0.0539
2026-03-31 04:00:00+00:00,2.2842,1.2947,0.6583,1.6048,1.2112,0.9279,2.1985,0.8081,0.7577,0.7967,0.9451,0.0573,0.1252,-0.0288,0.0539
2026-04-01 04:00:00+00:00,2.2863,1.2947,0.7504,1.7573,1.2112,0.9279,2.1602,0.798,0.6941,0.8173,0.9347,0.136,0.1484,-0.0222,0.0803
2026-04-02 04:00:00+00:00,2.2863,1.2947,0.7504,1.771,1.2112,0.9279,2.2634,0.7562,0.7134,0.828,0.9561,0.136,0.1619,-0.0222,0.085
2026-04-03 04:00:00+00:00,2.2863,1.284,0.7718,1.7829,1.2112,0.9279,2.2512,0.8097,0.714,0.825,0.9817,0.1554,0.1619,-0.0222,0.085
2026-04-06 00:00:00+00:00,2.2863,1.2828,0.7963,1.7829,1.2301,0.9279,2.2328,0.8395,0.714,0.8157,0.9585,0.1616,0.1619,-0.0222,0.085
2026-04-07 00:00:00+00:00,2.2863,1.3216,0.8094,1.7829,1.2301,0.9279,2.2763,0.8395,0.714,0.8507,0.9872,0.1696,0.1619,-0.0222,0.085
2026-04-08 00:00:00+00:00,2.2188,1.3536,0.8092,1.7054,1.2149,0.9,2.2763,0.8522,0.714,0.8522,0.9846,0.1693,0.1057,-0.036,0.0865
2026-04-09 00:00:00+00:00,2.2344,1.3536,0.8165,1.7161,1.2074,0.9598,2.288,0.8719,0.7263,0.8749,0.9596,0.2045,0.1227,-0.0544,0.13
2026-04-10 00:00:00+00:00,2.2012,1.3536,0.8097,1.7398,1.1868,0.9789,2.288,0.8897,0.7175,0.881,0.8968,0.2049,0.0657,-0.132,0.13
2026-04-12 20:00:00+00:00,2.2475,1.3536,0.8555,1.7744,1.248,0.9905,2.288,0.8984,0.7234,0.8984,0.8701,0.2419,0.1043,-0.1327,0.13
2026-04-13 20:00:00+00:00,2.1808,1.3536,0.8121,1.7242,1.1777,0.9905,2.2846,0.8984,0.5844,0.8894,0.7896,0.1841,-0.0233,-0.1944,0.13
2026-04-14 20:00:00+00:00,2.1443,1.3536,0.7748,1.6884,1.1252,0.9905,2.2904,0.9116,0.5742,0.8789,0.7773,0.1127,-0.0361,-0.1988,0.141
2026-04-15 20:00:00+00:00,2.0616,1.3529,0.7842,1.5508,1.1531,0.9708,2.2755,0.8989,0.5743,0.8419,0.7696,0.1148,-0.0449,-0.2242,0.141
2026-04-16 20:00:00+00:00,2.1538,1.3804,0.8169,1.5171,1.2589,0.9532,2.2123,0.9005,0.572,0.8118,0.7804,0.1854,-0.0151,-0.2324,0.1527
2026-04-17 20:00:00+00:00,2.1568,1.3779,0.7317,1.5314,1.2589,0.9421,2.3253,0.8594,0.5573,0.7488,0.804,0.0884,0.0109,-0.2663,0.1669
2026-04-20 16:00:00+00:00,2.208,1.3749,0.7277,1.5267,1.2589,0.9306,2.3094,0.8649,0.5218,0.7228,0.804,0.0967,0.0098,-0.2663,0.1669
2026-04-21 16:00:00+00:00,2.208,1.3917,0.7814,1.5956,1.2754,0.978,2.2768,0.8766,0.5201,0.7467,0.8083,0.1048,0.0205,-0.2663,0.1669
2026-04-22 16:00:00+00:00,2.208,1.3917,0.7814,1.6033,1.2754,0.94,2.2753,0.801,0.5645,0.7466,0.8109,0.1048,0.0205,-0.2663,0.1669
2026-04-23 16:00:00+00:00,2.208,1.4034,0.7814,1.6108,1.2855,0.9939,2.2815,0.8399,0.5712,0.7701,0.8293,0.1048,0.0159,-0.2663,0.1815
2026-04-24 16:00:00+00:00,2.208,1.4034,0.7814,1.6108,1.2946,0.9939,2.2749,0.8433,0.5712,0.7701,0.8289,0.1048,0.0312,-0.2663,0.1868
2026-04-27 12:00:00+00:00,2.208,1.4034,0.7814,1.5955,1.2946,0.9939,2.2316,0.7441,0.5712,0.7686,0.8229,0.1026,0.0312,-0.2663,0.1868
2026-04-28 12:00:00+00:00,2.208,1.4036,0.7872,1.6254,1.2946,0.9922,2.2813,0.7478,0.5712,0.792,0.8341,0.1147,0.0475,-0.2583,0.1868
2026-04-29 12:00:00+00:00,2.208,1.4149,0.7742,1.6388,1.2936,1.0028,2.1846,0.7577,0.5827,0.792,0.8336,0.1147,0.0409,-0.2559,0.1865
2026-04-30 12:00:00+00:00,2.226,1.4372,0.8316,1.6545,1.3124,1.0028,2.2903,0.7672,0.6034,0.7915,0.8651,0.1143,0.0509,-0.2287,0.2197
2026-05-01 12:00:00+00:00,2.226,1.4372,0.8231,1.6373,1.3124,1.0028,2.3225,0.7513,0.6474,0.7771,0.8993,0.1011,0.0551,-0.1912,0.2484
2026-05-04 16:00:00+00:00,2.226,1.4372,0.8673,1.6715,1.3124,1.0028,2.3189,0.7587,0.629,0.8162,0.8769,0.1581,0.0627,-0.2087,0.2617
2026-05-05 16:00:00+00:00,2.226,1.4372,0.8673,1.6715,1.3124,1.0028,2.3422,0.7701,0.6511,0.8162,0.9163,0.1581,0.0627,-0.1803,0.2736
2026-05-06 16:00:00+00:00,2.2095,1.4372,0.8582,1.7106,1.3045,1.0164,2.3454,0.7697,0.6888,0.8258,0.9397,0.1711,0.0744,-0.1619,0.296
2026-05-07 16:00:00+00:00,2.2529,1.4638,0.8988,1.7258,1.3176,1.0247,2.3601,0.7949,0.6888,0.8258,0.9442,0.1827,0.0848,-0.1513,0.3144
2026-05-08 16:00:00+00:00,2.2645,1.4779,0.8892,1.7244,1.2428,1.0295,2.3636,0.7971,0.6888,0.8283,0.9546,0.1784,0.0799,-0.143,0.3254
2026-05-11 12:00:00+00:00,2.2621,1.4779,0.8931,1.7142,1.2474,1.0399,2.4059,0.7971,0.6888,0.8353,0.9546,0.1934,0.0943,-0.143,0.3341
2026-05-12 12:00:00+00:00,2.2877,1.4779,0.9125,1.7394,1.257,1.0485,2.4242,0.7971,0.6976,0.8291,0.9654,0.2243,0.104,-0.1335,0.3451
2026-05-13 12:00:00+00:00,2.2578,1.4728,0.9125,1.7287,1.3183,0.9873,2.4242,0.7467,0.6976,0.8329,0.9654,0.2371,0.1078,-0.1335,0.3451
2026-05-14 12:00:00+00:00,2.3201,1.5013,0.9125,1.7524,1.3183,1.0146,2.4474,0.7765,0.6976,0.8263,0.9808,0.2418,0.0995,-0.1204,0.3474
2026-05-15 12:00:00+00:00,2.3378,1.5002,0.8987,1.7044,1.2989,1.0348,2.4359,0.8239,0.6976,0.8001,0.9657,0.1034,0.0329,-0.1236,0.3205
2026-05-18 08:00:00+00:00,2.3555,1.5126,0.9346,1.7207,1.3504,1.0746,2.4359,0.8239,0.6976,0.8033,1.0145,0.1715,0.0564,-0.1236,0.3041
2026-05-19 08:00:00+00:00,2.3509,1.5126,0.945,1.6482,1.3654,1.0934,2.4359,0.8259,0.7072,0.7979,1.0145,0.2152,0.0149,-0.1236,0.2764
2026-05-20 08:00:00+00:00,2.3995,1.5222,0.9226,1.6742,1.3998,1.1037,2.4359,0.8378,0.7184,0.7945,1.0145,0.2036,-0.0281,-0.1152,0.278
2026-05-21 08:00:00+00:00,2.3995,1.5337,0.9713,1.668,1.3998,1.1157,2.4359,0.8529,0.7184,0.779,1.0145,0.2773,-0.035,-0.1152,0.2646
2026-05-22 08:00:00+00:00,2.3995,1.5337,0.9866,1.7737,1.3998,1.1244,2.4359,0.8529,0.7184,0.7445,1.0145,0.2773,0.0031,-0.1152,0.2665
2026-05-25 04:00:00+00:00,2.3995,1.5337,0.9866,1.7737,1.3998,1.1244,2.4368,0.8529,0.7014,0.7173,1.0002,0.2773,0.0145,-0.1152,0.2802
2026-05-26 04:00:00+00:00,2.3995,1.5295,1.0011,1.7737,1.3998,1.1244,2.4438,0.8529,0.737,0.7319,0.9907,0.2866,0.0145,-0.1152,0.2473
2026-05-27 04:00:00+00:00,2.3995,1.5568,1.0011,1.7737,1.4021,1.1329,2.4438,0.8607,0.7433,0.6998,1.0001,0.2866,0.0145,-0.1172,0.2225
2026-05-28 04:00:00+00:00,2.3995,1.5525,1.0122,1.7976,1.374,1.1329,2.4438,0.8707,0.7549,0.6941,1.0179,0.2957,0.0226,-0.097,0.2133
2026-05-29 04:00:00+00:00,2.3995,1.4618,1.0253,1.8108,1.2548,1.1329,2.4523,0.8707,0.7561,0.7201,1.0179,0.3055,0.0226,-0.094,0.2384
2026-06-01 00:00:00+00:00,2.4169,1.5049,1.0404,1.8187,1.2147,1.1385,2.4523,0.8707,0.7474,0.7201,1.0279,0.3055,0.0328,-0.0805,0.2381
2026-06-02 00:00:00+00:00,2.4169,1.5992,1.0404,1.8232,1.2826,1.1431,2.4523,0.8707,0.7798,0.7201,1.0362,0.3055,0.0328,-0.0736,0.2263
2026-06-03 00:00:00+00:00,2.4335,1.5992,1.0404,1.8232,1.318,1.1431,2.4523,0.8778,0.7798,0.7201,1.0251,0.3055,0.0328,-0.0729,0.2059
2026-06-04 00:00:00+00:00,2.4335,1.5992,1.0347,1.8202,1.3871,1.1431,2.4565,0.8802,0.8004,0.695,1.0499,0.3055,0.0351,-0.0682,0.2417
2026-06-05 00:00:00+00:00,2.4335,1.5992,1.0722,1.8352,1.3871,1.1469,2.4534,0.8846,0.8068,0.6897,1.0499,0.3055,0.0414,-0.0682,0.2483
2026-06-07 20:00:00+00:00,2.4245,1.5992,1.0638,1.8331,1.3775,1.1148,2.4703,0.87,0.8021,0.6526,1.0655,0.2942,0.0358,-0.0536,0.2487
2026-06-08 20:00:00+00:00,2.4267,1.5992,1.0504,1.8296,1.404,1.1086,2.4596,0.9044,0.7817,0.6325,1.0885,0.3245,0.0382,-0.043,0.2635
2026-06-09 20:00:00+00:00,2.4231,1.6209,1.0357,1.8119,1.4194,1.0376,2.473,0.8901,0.7825,0.6385,1.0885,0.3448,0.0484,-0.0348,0.2547
2026-06-10 20:00:00+00:00,2.3576,1.61,1.0188,1.7557,1.4416,0.9393,2.473,0.8332,0.785,0.7149,1.0885,0.3448,0.0632,-0.0348,0.2456
2026-06-11 20:00:00+00:00,2.4655,1.6419,1.0994,1.8552,1.459,0.9659,2.4871,0.8889,0.8332,0.7122,1.0885,0.3578,0.0751,-0.0348,0.2708
2026-06-12 20:00:00+00:00,2.4655,1.6367,1.0994,1.8539,1.459,0.9671,2.4916,0.8976,0.8112,0.6978,1.0885,0.3578,0.0751,-0.0348,0.2708
2026-06-15 16:00:00+00:00,2.4655,1.6367,1.0994,1.8823,1.459,0.9756,2.4979,0.9199,0.8381,0.6914,1.0987,0.3578,0.0859,-0.0322,0.2708
2026-06-16 16:00:00+00:00,2.4655,1.6493,1.0994,1.8823,1.459,0.9756,2.5188,0.9199,0.8392,0.6848,1.1015,0.3578,0.0859,-0.0347,0.2708
2026-06-17 16:00:00+00:00,2.4808,1.6509,1.0986,1.8816,1.459,0.9756,2.4709,0.9199,0.8446,0.605,1.1029,0.3573,0.0855,-0.0225,0.2705
2026-06-18 16:00:00+00:00,2.5138,1.6628,1.064,1.9117,1.459,0.9609,2.559,0.9223,0.89,0.5925,1.1079,0.2982,0.057,0.0113,0.2432
2026-06-19 16:00:00+00:00,2.5172,1.6678,1.0304,1.909,1.459,1.0074,2.549,0.9307,0.8892,0.5573,1.1298,0.3663,0.0789,0.0255,0.2584
2026-06-22 12:00:00+00:00,2.5306,1.6554,0.9926,1.8982,1.459,1.0151,2.5972,0.9307,0.8705,0.5607,1.1566,0.3863,0.0245,0.0255,0.2235
2026-06-23 12:00:00+00:00,2.5308,1.7,0.9748,1.7338,1.4339,1.0113,2.5991,0.9417,0.8641,0.5313,1.1566,0.2956,-0.06,0.0135,0.2143
2026-06-24 12:00:00+00:00,2.5207,1.7093,0.9147,1.7036,1.4073,1.003,2.592,0.9532,0.8368,0.4717,1.158,0.2468,-0.0788,-0.0029,0.1769
2026-06-25 12:00:00+00:00,2.5232,1.7111,0.9425,1.7516,1.3926,0.9974,2.6097,0.9576,0.8841,0.4724,1.1705,0.3334,-0.0391,0.0334,0.1837
2026-06-26 12:00:00+00:00,2.5126,1.7111,0.9562,1.7568,1.3796,0.9612,2.6126,0.9375,0.9023,0.4824,1.1705,0.3404,-0.0266,0.0547,0.1802
2026-06-29 08:00:00+00:00,2.5211,1.7111,0.9562,1.7532,1.4278,0.9418,2.6126,0.9223,0.9023,0.4824,1.1705,0.3582,-0.0159,0.0547,0.1506
2026-06-30 08:00:00+00:00,2.5264,1.7111,0.9562,1.7523,1.4787,0.9062,2.6126,0.9422,0.9134,0.4713,1.1632,0.3582,-0.0159,0.0652,0.1214
2026-07-01 08:00:00+00:00,2.5482,1.7135,0.9562,1.7848,1.4787,0.9163,2.6122,1.0092,0.9224,0.4924,1.1876,0.3582,-0.0159,0.0737,0.085
2026-07-02 08:00:00+00:00,2.5482,1.7216,0.984,1.8107,1.4787,0.8574,2.6184,1.0092,0.9224,0.5024,1.2151,0.3554,-0.0059,0.0794,0.1756
2026-07-03 08:00:00+00:00,2.5482,1.7233,0.9771,1.8107,1.4799,0.9086,2.6131,1.0092,0.9224,0.5024,1.2151,0.3098,0.0057,0.0865,0.1996
2026-07-06 04:00:00+00:00,2.5482,1.7305,0.9982,1.8107,1.4909,0.9135,2.634,1.0092,0.9219,0.5024,1.1999,0.3182,0.0057,0.0893,0.2096
2026-07-07 04:00:00+00:00,2.5629,1.7305,0.9982,1.8226,1.4909,0.8866,2.634,1.0092,0.9339,0.5024,1.1883,0.2913,0.0057,0.0968,0.2096
2026-07-08 04:00:00+00:00,2.5629,1.7314,0.9982,1.8226,1.4909,0.9001,2.6332,1.0092,0.9339,0.5024,1.1711,0.3106,0.0057,0.0968,0.2096
2026-07-09 04:00:00+00:00,2.5789,1.7277,1.0112,1.8226,1.4909,0.8552,2.6337,1.0092,0.9384,0.5024,1.0933,0.2353,0.0057,0.0883,0.2189
2026-07-10 04:00:00+00:00,2.5789,1.6699,1.0112,1.8367,1.4524,0.8677,2.6434,1.0092,0.9438,0.5127,1.1615,0.1937,0.0057,0.1043,0.2301
2026-07-13 00:00:00+00:00,2.5789,1.6627,1.0112,1.8367,1.48,0.9324,2.6434,1.0188,0.9457,0.5235,1.1716,0.2054,0.0057,0.1043,0.242
2026-07-14 00:00:00+00:00,2.5849,1.5488,1.0009,1.8367,1.4321,0.9324,2.6363,1.0188,0.95,0.5335,1.167,0.2054,0.0122,0.1043,0.242
2026-07-15 00:00:00+00:00,2.5925,1.5669,1.0273,1.8231,1.4571,0.9278,2.5766,1.0247,0.9781,0.5004,1.1062,0.2161,0.0151,0.1043,0.242
2026-07-16 00:00:00+00:00,2.5925,1.5432,1.0456,1.8062,1.3744,0.9626,2.5777,1.0522,0.9862,0.4977,1.0132,0.214,0.0156,0.1065,0.242
2026-07-17 00:00:00+00:00,2.5925,1.535,1.0456,1.8383,1.4356,0.9704,2.5314,1.0598,0.9896,0.491,1.0266,0.2589,0.0262,0.1145,0.242
2026-07-19 20:00:00+00:00,2.6007,1.5292,1.0456,1.8649,1.5159,0.9704,2.4812,1.0631,0.9896,0.4799,1.0262,0.268,0.0262,0.1202,0.242
2026-07-20 20:00:00+00:00,2.6062,1.5408,1.0456,1.865,1.4982,0.9823,2.5042,1.0515,0.9896,0.5622,1.0367,0.268,0.0262,0.1202,0.242
2026-07-21 20:00:00+00:00,2.6051,1.5856,1.042,1.8869,1.5487,0.9625,2.5036,1.0348,0.9896,0.5622,1.0463,0.2706,0.0273,0.1167,0.2171
2026-07-22 20:00:00+00:00,2.6201,1.5856,1.0302,1.897,1.5487,0.9787,2.5066,1.0633,0.9896,0.5622,1.0463,0.2683,0.0318,0.113,0.2502
2026-07-23 20:00:00+00:00,2.6201,1.5987,0.9856,1.9082,1.5461,0.9572,2.4664,1.0644,0.9896,0.5622,1.0463,0.2278,0.0261,0.0993,0.2059
2026-07-24 20:00:00+00:00,2.6201,1.6109,0.9706,1.9082,1.5634,0.9422,2.4809,1.0234,0.9896,0.5622,1.0463,0.2324,0.0452,0.1071,0.2078
2026-07-27 16:00:00+00:00,2.6201,1.6008,0.9436,1.9082,1.5634,0.8789,2.5366,1.0053,0.9896,0.5622,1.0463,0.2055,0.0559,0.1091,0.2076
2026-07-28 16:00:00+00:00,2.6201,1.6223,0.936,1.9082,1.5776,0.9256,2.5397,1.0504,0.9896,0.5622,1.0463,0.206,0.0638,0.1175,0.1887
2026-07-29 16:00:00+00:00,2.6565,1.6251,1.0252,1.9379,1.5925,0.9864,2.552,1.0154,1.0004,0.5681,1.0548,0.2845,0.0634,0.1016,0.2525
2026-07-30 16:00:00+00:00,2.6744,1.6175,1.0165,1.9284,1.5876,1.0002,2.5888,1.0813,1.0031,0.5449,1.0924,0.2981,0.0493,0.1817,0.1684
2026-07-31 16:00:00+00:00,2.6744,1.6002,1.0477,1.9546,1.5909,1.0002,2.5411,1.0813,0.9655,0.5923,1.0626,0.3082,0.1239,0.1575,0.1291
2026-08-03 12:00:00+00:00,2.6744,1.5854,1.0719,1.9737,1.6569,1.0163,2.2541,1.0851,0.6788,0.5998,0.8434,0.3281,0.1351,-0.0341,-0.0227
2026-08-04 12:00:00+00:00,2.6736,1.6087,1.0719,1.9744,1.646,1.0138,2.2919,1.0944,0.7074,0.5998,0.9376,0.3281,0.1317,0.0579,0.0403
2026-08-05 12:00:00+00:00,2.6846,1.6439,1.0792,1.9751,1.6728,1.0138,2.3239,1.0944,0.7279,0.6031,0.9864,0.324,0.1201,0.1259,0.0759
2026-08-06 12:00:00+00:00,2.6905,1.6439,1.0858,1.9978,1.6728,1.0138,2.3408,1.0944,0.729,0.6089,1.0777,0.3274,0.1493,0.1843,0.1799
2026-08-07 12:00:00+00:00,2.6905,1.6439,1.0941,1.9971,1.6728,1.0138,2.3564,1.0944,0.7494,0.6084,0.9422,0.3335,0.1298,0.1381,0.0067
2026-08-10 08:00:00+00:00,2.6905,1.6439,1.0997,1.9964,1.6728,1.0138,2.3559,1.0944,0.7803,0.6175,0.9557,0.3313,0.1379,0.2401,0.0346
2026-08-11 08:00:00+00:00,2.7044,1.654,1.0997,2.0061,1.6847,1.0138,2.371,1.0944,0.7803,0.6171,0.9551,0.3477,0.1548,0.2436,0.0346
2026-08-12 08:00:00+00:00,2.7044,1.6477,1.0997,1.9981,1.6782,1.0138,2.3807,1.0944,0.7803,0.61,0.9421,0.3148,0.1478,0.2487,0.0346
2026-08-13 08:00:00+00:00,2.7044,1.6445,1.1237,2.0258,1.6619,1.0138,2.3852,1.1033,0.7803,0.6381,0.9472,0.3469,0.1674,0.2487,0.0346
2026-08-14 08:00:00+00:00,2.7044,1.6825,1.1237,2.0252,1.7013,1.0138,2.3851,1.1033,0.7947,0.5926,0.9356,0.3464,0.167,0.2484,0.0346
2026-08-17 04:00:00+00:00,2.7044,1.6825,1.1263,1.9681,1.7137,1.0132,2.3842,1.1032,0.7901,0.5665,0.9156,0.3337,0.1334,0.2509,0.0346
2026-08-18 04:00:00+00:00,2.7044,1.6736,1.1373,2.0257,1.7127,1.0129,2.3263,1.1197,0.803,0.5787,0.8811,0.3631,0.1704,0.2317,0.0354
2026-08-19 04:00:00+00:00,2.7044,1.6932,1.1373,2.0573,1.7273,1.0231,2.3752,1.1276,0.811,0.5921,0.8979,0.3696,0.1449,0.2461,0.0438
2026-08-20 04:00:00+00:00,2.7044,1.6816,1.1265,2.0552,1.7273,1.034,2.3996,1.1364,0.7994,0.4869,0.9423,0.318,0.0774,0.2379,0.0435
2026-08-21 04:00:00+00:00,2.7215,1.7144,1.1775,2.032,1.7273,1.034,2.3668,1.1495,0.8109,0.4702,0.934,0.3005,0.0984,0.2076,0.0571
2026-08-24 00:00:00+00:00,2.7215,1.7189,1.1786,2.0059,1.7296,1.0437,2.3846,1.156,0.7976,0.5011,0.9147,0.2932,0.1256,0.2057,0.0571
2026-08-25 00:00:00+00:00,2.7404,1.7189,1.2089,2.0294,1.717,1.0449,2.4213,1.16,0.8258,0.5242,0.895,0.3176,0.1371,0.1858,0.0571
2026-08-26 00:00:00+00:00,2.7095,1.73,1.2212,1.9565,1.7551,1.0443,2.4213,1.1594,0.8414,0.5242,0.9092,0.3043,0.1481,0.217,0.0571
2026-08-27 00:00:00+00:00,2.6857,1.7448,1.2212,1.9531,1.7681,1.0125,2.4213,1.1531,0.8414,0.5242,0.9313,0.357,0.1558,0.1826,0.0571
2026-08-28 00:00:00+00:00,2.6817,1.739,1.2212,1.9188,1.7681,0.9791,2.4213,1.1197,0.8509,0.5242,0.9313,0.357,0.1558,0.1807,0.0571
2026-08-30 20:00:00+00:00,2.7119,1.7421,1.217,1.9334,1.7681,1.0251,2.4213,1.1307,0.8616,0.5246,0.9313,0.3508,0.1502,0.2133,0.0633
2026-08-31 20:00:00+00:00,2.7496,1.7245,1.231,1.9334,1.7737,1.0037,2.4213,1.1418,0.8616,0.5319,0.9313,0.3543,0.1621,0.2133,0.0818
2026-09-01 20:00:00+00:00,2.7496,1.7075,1.2181,1.9416,1.7986,1.0737,2.4213,1.156,0.8616,0.5319,0.9313,0.3309,0.1597,0.2133,0.0735
2026-09-02 20:00:00+00:00,2.7496,1.6176,1.1973,1.9529,1.6919,1.0743,2.4368,1.1658,0.8363,0.5425,0.8801,0.2988,0.177,0.1811,0.1049
2026-09-03 20:00:00+00:00,2.7496,1.6269,1.2526,1.9449,1.7253,1.0678,2.3295,1.1569,0.6261,0.5377,0.7228,0.3842,0.1845,0.0338,-0.075
