dataset,timeframe,symbol,years_covered,n_bars,net_profit_usd,total_return_pct,annualized_return_pct,max_dd_pct,sharpe,win_rate_pct,n_trades,n_tp,n_sl,profit_factor,stuck_at_end
IBKR真實股票(1年),4H,AAPL,0.95,478,117.6,0.47,0.49,1.05,0.47,87.5,8,7,1,1.47,False
IBKR真實股票(1年),4H,AMD,0.95,478,1223.5,4.89,5.14,0.96,1.92,100.0,9,9,0,,True
IBKR真實股票(1年),4H,AMZN,0.95,478,834.89,3.34,3.51,1.06,1.5,90.9,11,10,1,6.6,False
IBKR真實股票(1年),4H,ARM,0.95,478,232.53,0.93,0.98,4.93,0.21,77.8,9,7,2,1.27,True
IBKR真實股票(1年),4H,ASML,0.95,478,1043.01,4.17,4.38,0.48,2.69,100.0,8,8,0,,True
IBKR真實股票(1年),4H,AVGO,0.95,478,1397.48,5.59,5.87,0.72,2.45,100.0,13,13,0,,True
IBKR真實股票(1年),4H,BA,0.95,478,42.98,0.17,0.18,1.82,0.1,80.0,10,8,2,1.16,True
IBKR真實股票(1年),4H,BABA,0.95,478,-429.75,-1.72,-1.8,5.1,-0.49,71.4,14,10,4,0.78,True
IBKR真實股票(1年),4H,BAC,0.95,478,-55.12,-0.22,-0.23,1.77,-0.14,85.7,7,6,1,0.85,False
IBKR真實股票(1年),4H,BRK.B,0.95,478,331.25,1.32,1.39,0.34,2.0,100.0,10,10,0,,False
IBKR真實股票(1年),4H,CSCO,0.95,478,415.17,1.66,1.74,0.31,1.97,100.0,7,7,0,,True
IBKR真實股票(1年),4H,CVX,0.95,478,158.63,0.63,0.67,1.08,0.63,88.9,9,8,1,1.6,False
IBKR真實股票(1年),4H,DIS,0.95,478,292.21,1.17,1.23,1.42,0.93,91.7,12,11,1,2.05,False
IBKR真實股票(1年),4H,FDX,0.95,478,501.7,2.01,2.11,0.11,3.83,100.0,9,9,0,,False
IBKR真實股票(1年),4H,GE,0.95,478,363.02,1.45,1.52,1.15,0.95,88.9,9,8,1,2.69,True
IBKR真實股票(1年),4H,GM,0.95,478,630.36,2.52,2.65,1.04,1.49,100.0,9,9,0,,False
IBKR真實股票(1年),4H,GME,0.95,478,551.38,2.21,2.31,1.92,0.92,90.0,10,9,1,2.46,False
IBKR真實股票(1年),4H,GOOG,0.95,478,648.83,2.6,2.72,1.21,1.85,90.9,11,10,1,3.15,True
IBKR真實股票(1年),4H,IBM,0.95,478,1015.83,4.06,4.27,1.18,2.06,91.7,12,11,1,4.41,False
IBKR真實股票(1年),4H,INTC,0.95,478,932.54,3.73,3.92,3.59,1.0,100.0,8,8,0,,True
IBKR真實股票(1年),4H,JNJ,0.95,478,245.95,0.98,1.03,0.61,1.02,100.0,8,8,0,,False
IBKR真實股票(1年),4H,JPM,0.95,478,448.73,1.79,1.88,0.55,1.92,100.0,12,12,0,,False
IBKR真實股票(1年),4H,KO,0.95,478,271.95,1.09,1.14,0.3,1.54,100.0,6,6,0,,False
IBKR真實股票(1年),4H,LMT,0.95,478,-342.27,-1.37,-1.44,2.63,-0.71,72.7,11,8,3,0.71,True
IBKR真實股票(1年),4H,MCD,0.95,478,158.89,0.64,0.67,1.34,0.48,88.9,9,8,1,1.74,True
IBKR真實股票(1年),4H,META,0.95,478,800.13,3.2,3.36,1.94,1.25,82.4,17,14,3,2.01,False
IBKR真實股票(1年),4H,MSFT,0.95,478,-278.12,-1.11,-1.17,2.61,-0.47,72.7,11,8,3,0.69,False
IBKR真實股票(1年),4H,MSTR,0.95,478,-1581.67,-6.33,-6.63,11.76,-0.58,60.0,10,6,4,0.45,False
IBKR真實股票(1年),4H,NFLX,0.95,478,-1684.18,-6.74,-7.06,8.61,-2.27,53.3,15,8,7,0.28,False
IBKR真實股票(1年),4H,NKE,0.95,478,-183.44,-0.73,-0.77,3.21,-0.24,76.9,13,10,3,0.96,True
IBKR真實股票(1年),4H,NVDA,0.95,478,736.54,2.95,3.09,0.72,1.77,100.0,9,9,0,,False
IBKR真實股票(1年),4H,PFE,0.95,478,179.3,0.72,0.75,0.72,0.65,100.0,7,7,0,,False
IBKR真實股票(1年),4H,PLTR,0.95,478,680.26,2.72,2.86,3.58,0.66,84.6,13,11,2,1.66,False
IBKR真實股票(1年),4H,QCOM,0.95,478,-823.81,-3.3,-3.45,5.38,-1.14,55.6,9,5,4,0.47,False
IBKR真實股票(1年),4H,RACE,0.95,478,-194.36,-0.78,-0.82,2.38,-0.37,76.9,13,10,3,0.76,False
IBKR真實股票(1年),4H,RTX,0.95,478,8.54,0.03,0.04,1.13,0.03,87.5,8,7,1,1.16,True
IBKR真實股票(1年),4H,SBUX,0.95,478,446.56,1.79,1.87,0.86,1.4,100.0,5,5,0,,False
IBKR真實股票(1年),4H,SNOW,0.95,478,659.21,2.64,2.77,2.61,0.66,81.8,11,9,2,1.74,False
IBKR真實股票(1年),4H,SPCX,0.18,94,-385.39,-1.54,-8.34,3.55,-1.23,50.0,2,1,1,0.26,False
IBKR真實股票(1年),4H,T,0.95,478,-1423.5,-5.69,-5.96,6.12,-2.07,33.3,9,4,5,0.1,False
IBKR真實股票(1年),4H,TSLA,0.95,478,1266.99,5.07,5.32,1.66,2.13,92.9,14,13,1,8.78,False
IBKR真實股票(1年),4H,V,0.95,478,425.55,1.7,1.79,0.63,1.33,100.0,9,9,0,,False
IBKR真實股票(1年),4H,WMT,0.95,478,565.5,2.26,2.37,0.92,1.66,90.0,10,9,1,3.54,True
IBKR真實股票(1年),4H,XOM,0.95,476,391.42,1.57,1.66,0.74,1.45,100.0,6,6,0,,False
IBKR真實股票(1年),4H,ZM,0.95,478,872.28,3.49,3.66,1.65,1.56,100.0,10,10,0,,False
MT5真實點差CFD(2022起),4H,AAPL,4.62,2309,3052.11,12.21,2.53,1.87,1.17,92.0,50,46,4,4.04,False
MT5真實點差CFD(2022起),4H,ADSGn,4.16,3145,-321.68,-1.29,-0.31,5.7,-0.09,78.9,57,45,12,0.92,True
MT5真實點差CFD(2022起),4H,AIRF,4.64,3545,-5453.81,-21.82,-5.17,25.48,-0.8,69.9,73,58,15,0.41,True
MT5真實點差CFD(2022起),4H,ALVG,4.64,3542,150.56,0.6,0.13,4.07,0.08,83.6,61,52,9,1.08,False
MT5真實點差CFD(2022起),4H,AMD,4.64,3326,1260.6,5.04,1.07,7.08,0.31,80.3,66,55,11,1.24,False
MT5真實點差CFD(2022起),4H,AMZN,4.62,2309,2368.17,9.47,1.98,3.48,0.66,88.9,45,40,5,2.19,False
MT5真實點差CFD(2022起),4H,ARM,0.61,309,884.75,3.54,5.86,3.55,1.12,100.0,6,6,0,,True
MT5真實點差CFD(2022起),4H,ASML,4.64,3325,251.1,1.0,0.22,6.85,0.09,78.5,65,52,13,1.05,True
MT5真實點差CFD(2022起),4H,AVGO,4.64,3325,2278.39,9.11,1.9,5.0,0.69,85.0,60,51,9,1.79,True
MT5真實點差CFD(2022起),4H,AZN,4.64,3336,1005.55,4.02,0.85,2.95,0.47,81.4,70,58,12,1.44,False
MT5真實點差CFD(2022起),4H,BA,4.64,3325,115.93,0.46,0.1,5.24,0.05,76.1,71,55,16,1.04,True
MT5真實點差CFD(2022起),4H,BABA,4.62,2309,440.62,1.76,0.38,4.98,0.12,74.6,67,50,17,1.07,True
MT5真實點差CFD(2022起),4H,BAC,4.62,2309,-503.54,-2.01,-0.44,5.38,-0.15,73.8,42,34,8,0.83,False
MT5真實點差CFD(2022起),4H,BAYGn,4.64,3542,35.91,0.14,0.03,6.34,0.02,77.5,80,62,18,1.01,False
MT5真實點差CFD(2022起),4H,BMW,4.16,3151,-481.32,-1.93,-0.47,4.12,-0.19,74.6,59,46,13,0.85,False
MT5真實點差CFD(2022起),4H,BRK.B,4.62,2310,798.71,3.19,0.68,2.27,0.56,87.5,40,35,5,1.85,False
MT5真實點差CFD(2022起),4H,CSCO,4.64,3325,937.15,3.75,0.8,2.18,0.5,87.5,56,49,7,1.71,True
MT5真實點差CFD(2022起),4H,CVX,4.64,3325,622.36,2.49,0.53,2.88,0.29,86.2,65,57,8,1.31,False
MT5真實點差CFD(2022起),4H,DBKGn,4.64,3542,824.08,3.3,0.7,5.03,0.24,89.1,64,57,7,1.22,False
MT5真實點差CFD(2022起),4H,DIS,4.64,3322,-69.24,-0.28,-0.06,4.93,-0.01,78.9,76,62,14,0.98,False
MT5真實點差CFD(2022起),4H,FDX,4.64,3325,2343.14,9.37,1.95,2.74,0.83,86.1,72,65,7,2.34,False
MT5真實點差CFD(2022起),4H,GE,4.64,3327,1188.16,4.75,1.01,5.64,0.44,86.0,57,50,7,1.54,True
MT5真實點差CFD(2022起),4H,GM,0.55,280,506.37,2.03,3.69,1.08,1.64,100.0,7,7,0,,False
MT5真實點差CFD(2022起),4H,GME,4.64,3325,-631.76,-2.53,-0.55,10.31,-0.09,75.9,83,63,20,0.93,True
MT5真實點差CFD(2022起),4H,GOOG,4.62,2309,1566.89,6.27,1.33,3.06,0.61,87.5,48,42,6,1.76,True
MT5真實點差CFD(2022起),4H,IBE,4.64,3542,391.05,1.56,0.34,3.52,0.27,81.2,64,54,10,1.21,True
MT5真實點差CFD(2022起),4H,IBM,4.64,3325,1741.0,6.96,1.46,1.67,0.84,86.4,66,59,7,1.97,False
MT5真實點差CFD(2022起),4H,INTC,4.64,3322,958.2,3.83,0.81,6.26,0.24,82.1,67,57,10,1.28,True
MT5真實點差CFD(2022起),4H,JNJ,4.64,3322,-16.3,-0.07,-0.01,3.61,-0.0,80.3,66,53,13,0.99,False
MT5真實點差CFD(2022起),4H,JPM,4.64,3325,1368.42,5.47,1.16,3.73,0.59,85.5,62,54,8,1.67,False
MT5真實點差CFD(2022起),4H,KO,4.64,3325,334.58,1.34,0.29,2.74,0.27,83.8,68,57,11,1.23,False
MT5真實點差CFD(2022起),4H,LMT,4.64,3325,279.63,1.12,0.24,3.38,0.17,78.8,66,52,14,1.1,True
MT5真實點差CFD(2022起),4H,LVMH,4.64,3540,757.18,3.03,0.65,5.19,0.28,85.0,80,68,12,1.25,True
MT5真實點差CFD(2022起),4H,MBG,4.16,3147,1380.06,5.52,1.3,2.74,0.68,83.3,72,62,10,1.65,False
MT5真實點差CFD(2022起),4H,MCD,0.56,282,-50.26,-0.2,-0.36,1.47,-0.16,66.7,6,5,1,0.82,True
MT5真實點差CFD(2022起),4H,META,4.62,2309,3678.31,14.71,3.02,2.84,0.99,88.5,52,46,6,2.71,False
MT5真實點差CFD(2022起),4H,MSFT,4.62,2309,1245.41,4.98,1.06,3.08,0.54,84.4,45,39,6,1.65,False
MT5真實點差CFD(2022起),4H,MSTR,4.64,3324,-2335.97,-9.34,-2.09,13.16,-0.26,75.3,81,61,20,0.84,False
MT5真實點差CFD(2022起),4H,NFLX,4.62,2309,-1278.88,-5.12,-1.13,8.5,-0.33,72.5,40,29,11,0.7,False
MT5真實點差CFD(2022起),4H,NKE,4.64,3325,-1481.39,-5.93,-1.31,7.68,-0.43,73.0,74,55,19,0.72,True
MT5真實點差CFD(2022起),4H,NVDA,4.62,2309,3194.43,12.78,2.64,6.32,0.79,90.5,42,38,4,2.48,False
MT5真實點差CFD(2022起),4H,PFE,4.62,2309,-724.31,-2.9,-0.63,6.67,-0.3,73.4,64,49,15,0.79,False
MT5真實點差CFD(2022起),4H,PLTR,4.64,3326,5751.84,23.01,4.57,4.76,1.03,88.4,69,62,7,2.77,False
MT5真實點差CFD(2022起),4H,QCOM,4.64,3327,-664.69,-2.66,-0.58,7.22,-0.18,78.5,65,51,14,0.86,False
MT5真實點差CFD(2022起),4H,RACE,4.62,2309,898.96,3.6,0.77,4.49,0.39,87.2,47,41,6,1.45,False
MT5真實點差CFD(2022起),4H,RTX,4.64,3321,1285.19,5.14,1.09,1.96,0.74,89.1,55,50,5,2.01,True
MT5真實點差CFD(2022起),4H,SAN,3.83,2892,1202.99,4.81,1.23,1.97,0.58,89.1,46,42,4,2.12,False
MT5真實點差CFD(2022起),4H,SBUX,4.64,3324,-1.96,-0.01,-0.0,5.03,0.01,79.1,67,53,14,1.0,False
MT5真實點差CFD(2022起),4H,SIEGn,4.16,3147,1270.31,5.08,1.2,3.06,0.69,87.7,57,50,7,1.71,False
MT5真實點差CFD(2022起),4H,SNOW,4.64,3324,2423.82,9.7,2.02,5.32,0.45,83.8,74,63,11,1.42,False
MT5真實點差CFD(2022起),4H,SPCX,0.17,90,-512.29,-2.05,-11.28,5.17,-1.18,50.0,2,1,1,0.34,False
MT5真實點差CFD(2022起),4H,T,4.62,2309,-1544.88,-6.18,-1.37,7.13,-0.74,66.7,42,28,14,0.54,False
MT5真實點差CFD(2022起),4H,TSLA,4.62,2309,81.2,0.32,0.07,12.04,0.04,81.8,55,45,10,1.01,False
MT5真實點差CFD(2022起),4H,TTE,4.16,3109,1330.85,5.32,1.25,2.91,0.81,87.1,70,62,8,1.8,False
MT5真實點差CFD(2022起),4H,V,4.62,2309,2181.67,8.73,1.83,1.55,1.25,97.7,43,42,1,6.56,False
MT5真實點差CFD(2022起),4H,VOWG_p,4.64,3542,-272.98,-1.09,-0.24,5.01,-0.09,81.3,91,75,16,0.94,False
MT5真實點差CFD(2022起),4H,WMT,4.62,2309,1783.94,7.14,1.5,1.79,1.09,92.3,39,36,3,5.41,True
MT5真實點差CFD(2022起),4H,XOM,4.64,3323,2076.78,8.31,1.74,1.8,0.99,90.8,65,60,5,3.15,False
MT5真實點差CFD(2022起),4H,ZM,4.62,2309,1930.65,7.72,1.62,7.57,0.47,89.6,48,44,4,2.2,False
MT5真實點差CFD(2022起),1D,AAPL,4.58,1149,2062.53,8.25,1.75,2.12,0.81,87.5,24,22,2,4.84,False
MT5真實點差CFD(2022起),1D,ADSGn,4.11,1039,348.78,1.4,0.34,7.39,0.14,75.0,20,16,4,1.21,True
MT5真實點差CFD(2022起),1D,AIRF,4.58,1169,2116.6,8.47,1.79,7.23,0.49,89.3,28,25,3,1.95,False
MT5真實點差CFD(2022起),1D,ALVG,4.58,1169,1341.88,5.37,1.15,2.47,0.7,93.8,16,15,1,4.21,False
MT5真實點差CFD(2022起),1D,AMD,4.58,1149,1178.83,4.72,1.01,5.66,0.25,88.2,17,15,2,1.74,False
MT5真實點差CFD(2022起),1D,AMZN,4.58,1149,505.08,2.02,0.44,5.11,0.16,85.0,20,17,3,1.21,False
MT5真實點差CFD(2022起),1D,ARM,0.57,145,400.26,1.6,2.81,1.57,1.16,100.0,2,2,0,,True
MT5真實點差CFD(2022起),1D,ASML,4.58,1149,1088.69,4.35,0.94,5.22,0.26,82.4,17,14,3,1.54,False
MT5真實點差CFD(2022起),1D,AVGO,4.58,1149,1256.14,5.02,1.08,3.9,0.55,94.1,17,16,1,2.32,True
MT5真實點差CFD(2022起),1D,AZN,4.58,1148,913.01,3.65,0.79,1.88,0.55,81.0,21,17,4,1.92,True
MT5真實點差CFD(2022起),1D,BA,4.58,1149,749.24,3.0,0.65,4.93,0.22,81.0,21,17,4,1.34,True
MT5真實點差CFD(2022起),1D,BABA,4.58,1149,514.28,2.06,0.45,5.64,0.14,83.9,31,26,5,1.12,False
MT5真實點差CFD(2022起),1D,BAC,4.58,1149,1261.75,5.05,1.08,4.8,0.47,87.0,23,20,3,1.77,False
MT5真實點差CFD(2022起),1D,BAYGn,4.58,1169,718.91,2.88,0.62,6.52,0.25,80.0,25,20,5,1.29,False
MT5真實點差CFD(2022起),1D,BMW,4.11,1040,-711.13,-2.84,-0.7,4.61,-0.37,73.9,23,17,6,0.67,False
MT5真實點差CFD(2022起),1D,BRK.B,4.58,1149,228.52,0.91,0.2,2.37,0.2,88.2,17,15,2,1.33,False
MT5真實點差CFD(2022起),1D,CSCO,4.58,1149,578.81,2.32,0.5,3.14,0.3,94.4,18,17,1,1.85,False
MT5真實點差CFD(2022起),1D,CVX,4.58,1149,1425.14,5.7,1.22,1.5,0.75,94.4,18,18,0,63.16,False
MT5真實點差CFD(2022起),1D,DBKGn,4.58,1169,1149.47,4.6,0.99,3.67,0.38,85.0,20,17,3,1.61,False
MT5真實點差CFD(2022起),1D,DIS,4.58,1148,303.03,1.21,0.26,5.19,0.13,79.3,29,23,6,1.12,False
MT5真實點差CFD(2022起),1D,FDX,4.58,1149,-166.6,-0.67,-0.15,4.14,-0.06,82.6,23,19,4,0.92,False
MT5真實點差CFD(2022起),1D,GE,4.58,1150,1792.76,7.17,1.52,3.86,0.69,93.8,16,15,1,4.44,True
MT5真實點差CFD(2022起),1D,GM,0.51,130,133.01,0.53,1.04,1.07,0.54,100.0,2,2,0,,False
MT5真實點差CFD(2022起),1D,GME,4.58,1149,4397.11,17.59,3.6,6.08,0.82,92.6,27,25,2,3.78,True
MT5真實點差CFD(2022起),1D,GOOG,4.58,1149,538.88,2.16,0.47,3.21,0.23,89.5,19,17,2,1.39,True
MT5真實點差CFD(2022起),1D,IBE,4.58,1169,1336.68,5.35,1.14,0.91,1.05,94.1,17,17,0,283.12,True
MT5真實點差CFD(2022起),1D,IBM,4.58,1149,1150.24,4.6,0.99,1.66,0.61,87.5,16,15,1,4.54,False
MT5真實點差CFD(2022起),1D,INTC,4.58,1148,729.2,2.92,0.63,6.8,0.23,79.2,24,19,5,1.24,True
MT5真實點差CFD(2022起),1D,JNJ,4.58,1148,43.19,0.17,0.04,2.89,0.04,82.6,23,19,4,1.04,False
MT5真實點差CFD(2022起),1D,JPM,4.58,1149,1188.35,4.75,1.02,2.82,0.58,94.4,18,17,1,3.63,False
MT5真實點差CFD(2022起),1D,KO,4.58,1149,203.39,0.81,0.18,1.82,0.19,82.4,17,14,3,1.25,False
MT5真實點差CFD(2022起),1D,LMT,4.58,1149,1858.1,7.43,1.58,1.6,1.21,88.9,27,25,2,5.05,False
MT5真實點差CFD(2022起),1D,LVMH,4.58,1168,229.19,0.92,0.2,5.76,0.09,82.1,28,23,5,1.09,True
MT5真實點差CFD(2022起),1D,MBG,4.11,1039,1967.33,7.87,1.86,2.88,0.85,93.1,29,27,2,3.47,False
MT5真實點差CFD(2022起),1D,MCD,0.51,131,-129.98,-0.52,-1.01,1.62,-0.57,75.0,4,3,1,0.61,True
MT5真實點差CFD(2022起),1D,META,4.58,1149,794.92,3.18,0.69,6.68,0.2,82.6,23,19,4,1.28,False
MT5真實點差CFD(2022起),1D,MSFT,4.58,1149,704.74,2.82,0.61,3.47,0.3,85.2,27,23,4,1.41,False
MT5真實點差CFD(2022起),1D,MSTR,4.58,1149,2893.38,11.57,2.42,9.51,0.42,85.2,27,23,4,1.62,False
MT5真實點差CFD(2022起),1D,NFLX,4.58,1149,-993.65,-3.97,-0.88,7.27,-0.25,68.8,16,11,5,0.64,False
MT5真實點差CFD(2022起),1D,NKE,4.58,1149,532.69,2.13,0.46,3.4,0.16,80.0,30,25,5,1.22,True
MT5真實點差CFD(2022起),1D,NVDA,4.58,1149,140.13,0.56,0.12,6.96,0.05,83.3,18,15,3,1.05,False
MT5真實點差CFD(2022起),1D,PFE,4.58,1149,-641.8,-2.57,-0.57,7.01,-0.26,75.9,29,22,7,0.78,False
MT5真實點差CFD(2022起),1D,PLTR,4.58,1149,2565.3,10.26,2.16,4.4,0.6,95.2,21,20,1,3.57,False
MT5真實點差CFD(2022起),1D,QCOM,4.58,1150,579.71,2.32,0.5,3.92,0.18,87.0,23,20,3,1.33,False
MT5真實點差CFD(2022起),1D,RACE,4.58,1149,695.9,2.78,0.6,3.71,0.31,84.2,19,16,3,1.48,False
MT5真實點差CFD(2022起),1D,RTX,4.58,1148,1450.88,5.8,1.24,2.15,0.84,88.2,17,16,1,5.29,False
MT5真實點差CFD(2022起),1D,SAN,3.78,956,1291.28,5.17,1.34,0.74,1.19,100.0,10,10,0,,False
MT5真實點差CFD(2022起),1D,SBUX,4.58,1149,781.21,3.12,0.67,3.88,0.28,88.5,26,23,3,1.45,False
MT5真實點差CFD(2022起),1D,SIEGn,4.11,1039,1875.1,7.5,1.77,1.2,1.15,91.7,12,11,1,14.26,False
MT5真實點差CFD(2022起),1D,SNOW,4.58,1149,2424.06,9.7,2.04,9.29,0.43,84.0,25,21,4,1.79,False
MT5真實點差CFD(2022起),1D,SPCX,0.13,35,314.05,1.26,9.97,1.78,1.1,100.0,1,1,0,,False
MT5真實點差CFD(2022起),1D,T,4.58,1149,-885.75,-3.54,-0.78,7.54,-0.41,70.0,20,14,6,0.63,False
MT5真實點差CFD(2022起),1D,TSLA,4.58,1149,511.05,2.04,0.44,8.67,0.11,73.3,15,12,3,1.17,False
MT5真實點差CFD(2022起),1D,TTE,4.11,1029,1370.63,5.48,1.31,1.9,0.93,95.0,20,19,1,4.93,False
MT5真實點差CFD(2022起),1D,V,4.58,1149,1955.81,7.82,1.66,1.32,1.27,95.5,22,22,0,52.73,False
MT5真實點差CFD(2022起),1D,VOWG_p,4.58,1169,790.62,3.16,0.68,3.55,0.27,86.2,29,25,4,1.44,False
MT5真實點差CFD(2022起),1D,WMT,4.58,1149,754.21,3.02,0.65,1.48,0.46,90.9,11,10,1,3.38,True
MT5真實點差CFD(2022起),1D,XOM,4.58,1149,1720.07,6.88,1.46,1.01,1.18,100.0,20,20,0,,False
MT5真實點差CFD(2022起),1D,ZM,4.58,1149,2225.39,8.9,1.88,6.44,0.64,96.0,25,24,1,2.7,False
