symbol,category,split,n_trades,period_days,total_return_pct,ann_return_pct,ann_sharpe,max_drawdown_pct,calmar,win_rate_pct,profit_factor,t_stat,mean_pnl_bps
AAPL,Equities I CFD,TRAIN,3850,2677.9,182.81672083466538,15.234818944393336,0.9507223452522165,-32.871053316330446,0.46347218623580366,41.74025974025974,1.1393601250344156,2.5742578761595194,2.945749488607248
AAPL,Equities I CFD,TEST,1214,1407.2,0.7414965551842956,0.19193840339490897,0.07754959981552559,-19.696107682770947,0.009744991573274447,43.163097199341024,1.010468494422374,0.15221548143329858,0.3078180995884025
AMZN,Equities I CFD,TRAIN,1352,2221.7,-25.196013567553997,-4.660414459704764,-0.21501898669452496,-45.82008683034323,-0.1017111660429792,40.680473372781066,0.9644873723573499,-0.5303056310164819,-1.5648644775171603
AMZN,Equities I CFD,TEST,464,516.2,13.809075430548013,9.58398701683838,0.5422527176097542,-18.756086096752934,0.5109801142626215,42.456896551724135,1.0955595689856135,0.6446557995673083,3.414187827883341
BABA,Equities I CFD,TRAIN,1271,2243.8,329.42112113243417,26.771567186767676,1.079868634462035,-42.758776010048216,0.6261069582645775,43.98111723052715,1.2505057544861329,2.676505179330587,12.906354040391859
BABA,Equities I CFD,TEST,430,494.1,27.50261796681317,19.672646210893795,1.0196397607616345,-11.08376181515328,1.7749069800469848,44.18604651162791,1.1575557629254034,1.185985062067856,6.236818943848188
BAC,Equities I CFD,TRAIN,1266,2242.9,-14.921945497469336,-2.5972478374363894,-0.0834546955843756,-28.86090195516877,-0.08999191506456858,41.70616113744076,0.9835002316664021,-0.2068070118264745,-0.6520845775569375
BAC,Equities I CFD,TEST,451,495.0,-39.48104599624204,-30.966117292169095,-2.9008158061986657,-40.84703293897098,-0.7580995500563079,44.567627494456765,0.6927680539879817,-3.376973404471322,-10.895805629328164
MSFT,Equities I CFD,TRAIN,3773,3063.9,1138.236992979875,34.981346817542104,2.0532032551111046,-16.338908137768115,2.1409843621484814,46.037635833554205,1.327211384694748,5.9466799863518816,6.921030024569461
MSFT,Equities I CFD,TEST,1221,1407.2,83.919136462243,17.135126031921267,1.0625871461757206,-13.39590667595557,1.2791314874324446,43.73464373464373,1.1954401738357976,2.0856614915450664,5.384793982813793
RACE,Equities I CFD,TRAIN,1247,2242.9,62.11278245542835,8.185370207686793,0.5555349546039121,-16.613934212953595,0.4926810292353753,48.195669607056935,1.125735907749918,1.3766350189692398,4.530613810794832
RACE,Equities I CFD,TEST,437,495.1,-18.19739120686632,-13.773210995388595,-0.9631891606191136,-26.16415630203538,-0.5264152543805566,44.62242562929062,0.8783585515972013,-1.12137548762449,-4.279527468762156
T,Equities I CFD,TRAIN,1292,2236.7,-60.52592080180554,-14.082925880082641,-1.1793002165997204,-64.14116711752425,-0.21956142229652373,40.17027863777089,0.7946400694928047,-2.9183473240841455,-6.83901976489604
T,Equities I CFD,TEST,464,501.2,-78.57986368267349,-67.46549968726502,-8.683981776422707,-78.57296433422061,-0.8586350312594991,35.560344827586206,0.3207905950091535,-10.172622600770646,-32.91087997839664
GOOG,Equities I CFD,TRAIN,1339,2179.0,52.180800101491975,7.292152033242272,0.525990766369403,-23.825676900455896,0.3060627433045875,41.97162061239731,1.0971872325281298,1.2847231412127291,3.675371472056978
GOOG,Equities I CFD,TEST,446,516.2,16.385615937825214,11.335234614375533,0.7790352473242128,-10.70363973952978,1.0590074862584546,43.49775784753363,1.1071720715748026,0.926088711930558,3.769728340735194
V,Equities I CFD,TRAIN,1267,2247.7,72.45704071787394,9.259838710773671,0.6189924035702111,-26.152405485934725,0.35407216042722317,46.645619573796374,1.15715513183564,1.5355330857007343,4.919472227241037
V,Equities I CFD,TEST,403,490.2,-7.425347580035913,-5.5861587539427155,-0.48119716594144557,-14.72975366076309,-0.3792431891663638,39.950372208436725,0.9372455619114024,-0.5574895739593871,-1.7232396934904142
NFLX,Equities I CFD,TRAIN,1339,2221.7,78.53940107073345,9.998058035133383,0.5786220682368758,-28.166742355236774,0.3549596864642226,43.3159073935773,1.1064313365991483,1.4270671894308187,5.207181077231909
NFLX,Equities I CFD,TEST,433,516.2,-5.3256399021377465,-3.7981142358938236,-0.13782828774604125,-25.06596044830558,-0.15152478372918562,46.18937644341801,0.9807315597580193,-0.16385681833292667,-0.7796491020797869
NVDA,Equities I CFD,TRAIN,1271,1639.2,273.51559511363854,34.13016028758711,1.229648730338061,-35.27120840841521,0.9676493045654805,43.115656963021245,1.2002116806980332,2.604930437908286,11.614267645664237
NVDA,Equities I CFD,TEST,431,479.1,23.908977421635534,17.755430670185078,0.9392312543631588,-9.674175077987169,1.8353431199096426,43.851508120649655,1.1313178320902664,1.0756796558314698,5.541498410628985
PFE,Equities I CFD,TRAIN,1347,2220.8,-16.335491075785846,-2.890734993425148,-0.1531329832897524,-38.87350924174097,-0.07436259421418999,40.97995545657015,0.9737184186981466,-0.377598791985812,-0.924676512700031
PFE,Equities I CFD,TEST,443,517.1,-71.89942926639449,-59.20352998109546,-6.241154077155243,-72.626815323247,-0.8151745290991038,37.24604966139955,0.43198461900300306,-7.426215690285476,-28.293219168876107
TSLA,Equities I CFD,TRAIN,1380,2221.7,-54.31728147478556,-12.084881179594998,-0.2899739199281888,-75.0198986361279,-0.1610890097067552,39.63768115942029,0.9526969011875965,-0.7151701598112935,-3.778269806399103
TSLA,Equities I CFD,TEST,448,516.2,-12.78257213509314,-9.22339979609912,-0.27091600760136275,-28.991516583748865,-0.31814133522318994,40.625,0.96267731904297,-0.32207457475638057,-2.1113063263583975
WMT,Equities I CFD,TRAIN,1254,1636.9,-16.77411516756335,-4.014266334036332,-0.35916160060819335,-25.727290261041425,-0.15603144728052043,42.42424242424242,0.9479684515334984,-0.7603331498955932,-1.2860566367421418
WMT,Equities I CFD,TEST,422,482.1,-29.704418134458177,-23.43678728559452,-2.282253236394166,-34.49530601303257,-0.679419607895055,40.52132701421801,0.7465778772173735,-2.6219257793727113,-8.146301245065155
ZM,Equities I CFD,TRAIN,1219,1636.9,12.89979099632086,2.744278959788282,0.23133246417539582,-41.04452351214965,0.06686102614824957,42.904019688269074,1.0371456108728283,0.4897262406943268,2.18265613566751
ZM,Equities I CFD,TEST,417,482.0,-54.56194407406492,-44.99249552146539,-3.1603092837200877,-56.21593768574207,-0.8003512415461629,41.007194244604314,0.6557025582640851,-3.6305862983420565,-18.370778219352825
META,Equities I CFD,TRAIN,1331,2179.0,182.2161217024674,18.99444458282482,0.9383452689174241,-19.517170340319634,0.973217134021988,42.37415477084899,1.1864811851099561,2.2919191094112152,8.738438050631665
META,Equities I CFD,TEST,456,516.1,26.327527403554306,17.986070586147985,0.8920916677632239,-19.97492044633503,0.9004326517579719,41.00877192982456,1.1541455319738145,1.0604325583499317,5.783684726302211
GE,Equities I CFD,TRAIN,1373,1611.2,212.83511277378565,29.50509063957658,1.480023083774678,-17.271881952414326,1.708273060275997,41.87909686817189,1.2729463521455269,3.108458079088223,8.845793716545753
GE,Equities I CFD,TEST,452,529.1,27.226317322447425,18.08330152572568,1.061201819743846,-11.854770464533292,1.525402923643836,42.256637168141594,1.1643058830276318,1.2772679492623096,5.785916204889319
BA,Equities I CFD,TRAIN,1340,1610.2,102.40391483805915,17.343992463615287,0.9694643197646438,-12.720890255747763,1.3634259957378878,41.64179104477612,1.148790545036156,2.035531148732088,5.801023577562545
BA,Equities I CFD,TEST,471,529.1,-3.533378421659794,-2.4527566083260455,-0.058361521785353455,-15.987302125637381,-0.15341904400447795,40.76433121019109,0.9918862927452614,-0.07024215240889765,-0.31038876005716237
RTX,Equities I CFD,TRAIN,1368,1578.1,140.93297974534752,22.571787533785038,1.595200725477426,-17.473727312573605,1.2917557387737766,44.07894736842105,1.284588115856101,3.315776068670926,6.702066989287971
RTX,Equities I CFD,TEST,448,515.1,4.563006004627446,3.21473549967477,0.2885118895731844,-25.836984445749778,0.12442378894583415,40.848214285714285,1.0429070370749092,0.34260884325308333,1.326650894806749
LMT,Equities I CFD,TRAIN,1276,1644.1,188.32635671813102,26.523143305270523,2.1961910885982188,-9.565238808890065,2.772867864064152,45.61128526645768,1.3995246409815172,4.659430075200492,8.513112920584295
LMT,Equities I CFD,TEST,454,495.2,42.63141053979289,29.937547737934022,1.6786207530103303,-11.226192119147838,2.6667588992060236,44.052863436123346,1.291437859400821,1.9546532135885246,8.216461786409926
PLTR,Equities I CFD,TRAIN,1377,1577.0,209.13352111573272,29.875148766427316,0.9588699095461345,-28.14434534057426,1.0614973773562195,39.57879448075526,1.1451134364979556,1.9923915314070877,9.845828226541494
PLTR,Equities I CFD,TEST,470,516.2,223.06095296897038,129.27963042626794,2.6984005338092416,-16.99281950857078,7.607897580567037,45.744680851063826,1.477943459439482,3.207857321134819,26.542087448955726
AMD,Equities I CFD,TRAIN,1435,1637.1,374.0765205165489,41.50894368404461,1.4961315433890223,-33.807204100495966,1.2278135618862267,44.041811846689896,1.229022783433545,3.167502519543836,11.83785329415715
AMD,Equities I CFD,TEST,479,502.2,186.52011438039153,115.03588043798362,2.5349858633405997,-13.291481278654082,8.65485780149497,45.51148225469729,1.4040947802729307,2.972380271564979,23.46707817065349
INTC,Equities I CFD,TRAIN,1376,1576.1,112.9271312733696,19.142308863859526,1.014425514745027,-17.01255425754792,1.1251872337375033,40.625,1.1551756119707899,2.107243097655355,6.053835091659294
INTC,Equities I CFD,TEST,446,517.1,239.04619074600873,136.9036980168345,2.2171760234417244,-22.038154624102525,6.21212167497485,43.27354260089686,1.442593136172676,2.6380108777602893,30.165020221146015
QCOM,Equities I CFD,TRAIN,1403,1611.2,129.97294832817198,20.778951979517622,1.1600402214553962,-17.407566166489865,1.193673588874118,41.91019244476122,1.1694293015389052,2.43640551149626,6.420908157399443
QCOM,Equities I CFD,TEST,482,529.1,159.69130486732018,93.2395611339975,2.8066341837234936,-9.369241507882952,9.951665890515148,50.0,1.519829123841206,3.3780792884800284,20.706239942124093
AVGO,Equities I CFD,TRAIN,1291,1597.0,124.29016780895692,20.29061473301157,1.0802187105683476,-18.54291418222659,1.0942516658174557,40.04647560030984,1.1738131055540943,2.258784020216437,6.843567494774
AVGO,Equities I CFD,TEST,438,496.3,184.48959156146856,115.87134226248467,3.419532025308116,-12.043649067243978,9.620949731724476,47.94520547945205,1.5933837175327774,3.9858998377546015,24.73142340893981
CSCO,Equities I CFD,TRAIN,1398,1610.1,139.31943402910397,21.891346685977474,1.7856188894980511,-12.448115115198554,1.7586073460430314,42.91845493562232,1.289909078993697,3.7489964288020685,6.449130302120892
CSCO,Equities I CFD,TEST,436,529.2,-13.179508715289623,-9.293025142430434,-0.6572719577705284,-20.127581947511853,-0.4617059896546205,39.678899082568805,0.9114123343816356,-0.7911815493681008,-2.9422935908503027
JNJ,Equities I CFD,TRAIN,1420,1611.0,95.18321815797373,16.37202083149736,1.8250155515027884,-7.599941242860353,2.154229922090227,45.0,1.2727332676258205,3.832864264738119,4.82265973364336
JNJ,Equities I CFD,TEST,466,528.3,31.500607612899945,20.84465639887394,1.7218288995484752,-9.021926066246822,2.3104441607938657,45.493562231759654,1.2724392002834097,2.070728673134549,6.076623849799485
MCD,Equities I CFD,TRAIN,141,164.1,3.29357737189071,7.480883626146917,0.7382905633347631,-6.546853107936402,1.1426686230485668,45.39007092198582,1.0990159422537502,0.494808176602518,2.472801739348399
MCD,Equities I CFD,TEST,47,53.2,-7.341671914077397,-40.75755252497686,-5.567981541868943,-7.696342390513545,-5.295704174389944,29.78723404255319,0.5134259148233983,-2.124956220960502,-16.07913134888726
SBUX,Equities I CFD,TRAIN,1378,1610.2,56.00555169974382,10.614450182628165,0.8752009726370091,-12.975785359500424,0.8180198645823491,41.72714078374456,1.1310808153310024,1.8375877845076247,3.472012224150564
SBUX,Equities I CFD,TEST,461,529.1,41.583394160926666,27.127740609126484,1.5003799559567204,-11.27016490195759,2.407040255854152,45.98698481561822,1.2329722809849546,1.805882780518799,7.990214413936104
KO,Equities I CFD,TRAIN,1406,1610.2,136.76148566999032,21.592873730402708,2.261054108705929,-7.510487213142469,2.8750296908325357,44.66571834992888,1.3651024343668217,4.747365439218187,6.253236858542565
KO,Equities I CFD,TEST,457,529.1,-6.283253204892725,-4.380673172353056,-0.46466414905666237,-12.146328451530108,-0.3606582178173528,45.51422319474836,0.9411665363636131,-0.5592721513656838,-1.2974670392627876
MSTR,Equities I CFD,TRAIN,1206,1627.0,218.76396088800436,29.726342759989286,0.7847980680907305,-49.15578178015975,0.604737462887579,37.81094527363184,1.1328785618918684,1.656345866909494,13.44265566759685
MSTR,Equities I CFD,TEST,411,466.2,111.87988670020647,80.08841458591614,1.7395679434982307,-24.76845949184674,3.2334838834962496,47.201946472019465,1.2638059652121993,1.9652897808143333,20.473157496547774
GME,Equities I CFD,TRAIN,1374,1585.0,-29.18906856944338,-7.64570532578751,0.1821042505745589,-73.012783769942,-0.1047173512775321,38.3551673944687,1.035047169226539,0.3793508233805515,3.8886569442286856
GME,Equities I CFD,TEST,444,508.1,-42.68455102749593,-32.97379650356282,-1.7997862019747253,-49.589819512665436,-0.6649307625558344,42.792792792792795,0.7860772370876129,-2.122831574822246,-11.843171818494017
NKE,Equities I CFD,TRAIN,1371,1610.1,145.87430131436903,22.639688401153357,1.5148268802629563,-9.483559859996326,2.3872563399586246,42.4507658643326,1.244647455475899,3.1805270394935357,6.881093314775211
NKE,Equities I CFD,TEST,455,529.2,-17.227134082365836,-12.23460369455539,-0.6413554076692136,-36.66037619981813,-0.333728263667302,42.1978021978022,0.9101576027367821,-0.7719690489148147,-3.6544399737397533
CVX,Equities I CFD,TRAIN,1387,1609.2,109.56101622360914,18.28506411096802,1.3416184087056797,-18.11419525209668,1.0094328705467368,42.75414563806777,1.199914093833149,2.816038754046199,5.608879199643599
CVX,Equities I CFD,TEST,462,530.1,17.581436799713757,11.805842744185057,0.9599261440177002,-17.64638704923075,0.6690232233515304,44.8051948051948,1.137645332525658,1.1564405635083552,3.7470647136364006
FDX,Equities I CFD,TRAIN,1370,1601.1,209.24128825429577,29.373804622820376,1.8105319061033136,-14.0905378538696,2.084647507955392,42.043795620437955,1.3074421823479703,3.7907496393229025,8.590978853716342
FDX,Equities I CFD,TEST,472,511.2,5.474753928613318,3.88206833253284,0.3112668815528427,-16.89122353825021,0.22982753876543568,41.10169491525424,1.0452967402782916,0.36822991288371326,1.5288367219139156
JPM,Equities I CFD,TRAIN,1413,1610.1,181.23835756054075,26.436739050928402,1.9252901425319964,-10.57226053420428,2.5005758196554093,44.30290162774239,1.2992001970483855,4.042269382873162,7.5665806947883265
JPM,Equities I CFD,TEST,468,529.2,76.08246760543538,47.76972720002595,2.8936686301356085,-8.972665300268613,5.323917208702288,49.14529914529914,1.5242063959970986,3.4831429236865024,12.388905917405683
DIS,Equities I CFD,TRAIN,1357,1611.0,-17.181439078895544,-4.184021243286374,-0.2708094976412465,-37.579066451734846,-0.11133914805095477,38.983050847457626,0.9635436384310523,-0.5687473125959586,-1.125178791612034
DIS,Equities I CFD,TEST,461,528.3,48.36422073705285,31.357782749819307,1.8019848857634948,-9.847578447083304,3.1843140847592823,47.722342733188725,1.3175974450283214,2.1671482928270835,8.94632899257224
GM,Equities I CFD,TRAIN,131,163.1,-8.993102886983905,-19.02146186016871,-1.1385731465874214,-13.274928651242002,-1.4328861841671037,40.458015267175576,0.855552331118478,-0.760921670475545,-6.691910524608459
GM,Equities I CFD,TEST,56,53.1,-5.183902764130799,-30.64824312321185,-2.2143459918558723,-8.509154050497603,-3.6017967169626677,46.42857142857143,0.773493021823345,-0.8445003611665468,-9.177239143609718
IBM,Equities I CFD,TRAIN,1345,1611.1,166.0814959163149,24.839760549073354,1.8419847040499278,-16.734685463357437,1.4843279010808381,42.67657992565056,1.3403159079560931,3.8686151257510137,7.527799851760188
IBM,Equities I CFD,TEST,445,528.2,4.948471974395141,3.396444339568161,0.2833389917157039,-13.29229096050476,0.2555198610728564,39.325842696629216,1.0412077336743524,0.3407226531073313,1.5275792069145158
ARM,Equities I CFD,TRAIN,155,181.9,-19.890905362545162,-35.93607039789034,-0.9131841861659096,-32.55541148246303,-1.1038432248736407,35.483870967741936,0.8827266249246795,-0.6444652644788413,-11.771391605212079
ARM,Equities I CFD,TEST,59,56.3,54.384674381825434,1576.6526510935516,5.8319983350747515,-7.484587253103769,210.6532528483428,54.23728813559322,2.196905812328386,2.2888838304800494,77.08690590994395
SNOW,Equities I CFD,TRAIN,1249,1487.2,293.4126739607049,39.988852637867026,1.2794644748634054,-48.36835356436209,0.8267565399896287,42.1937550040032,1.2147695291028837,2.581760683682031,12.366304618969368
SNOW,Equities I CFD,TEST,418,480.1,114.6223945369012,78.7819785178932,1.6734185417511533,-19.08702473083371,4.127514876146547,45.933014354066984,1.3955187281478827,1.91858883710555,20.393039261193366
ASML,Equities I CFD,TRAIN,1262,1633.2,329.6227369629103,38.541455636175925,1.844305618113823,-15.241317514141517,2.528748292292683,41.12519809825674,1.3321613778950414,3.8999955396321893,12.162878596032472
ASML,Equities I CFD,TEST,420,479.1,90.44701874605168,63.422525622539936,2.217170747212242,-20.064761113857454,3.1608911395779358,43.57142857142857,1.3963090510192626,2.539191141471053,16.186750781323873
AZN,Equities I CFD,TRAIN,1360,1906.8,339.17179941262117,32.76960630328687,1.9816822787309614,-14.560759424258752,2.2505423892033765,46.1764705882353,1.5127555731394644,4.52782204632165,11.296131540077123
AZN,Equities I CFD,TEST,429,529.2,14.921073318171496,10.075341713721109,0.7725891121024273,-13.261985054647784,0.7597159604843705,40.55944055944056,1.125381444881429,0.9299288271991302,3.5510252158472997
BRK.B,Equities I CFD,TRAIN,1567,1822.2,61.95067545424728,10.146057093989679,0.9497660970103275,-11.402392972699293,0.8898182266022884,42.9483088704531,1.1503650464225161,2.121402358873202,3.2605341494213254
BRK.B,Equities I CFD,TEST,518,613.0,18.104596475029446,10.422420957344446,0.9996776366645893,-9.842207669572655,1.0589515388468718,40.54054054054054,1.1687963411958164,1.2951085526696882,3.387383822815024
XOM,Equities I CFD,TRAIN,1367,1610.0,82.08585858061737,14.563425239393911,0.9663065662080351,-14.495222644007132,1.0047051774961855,40.673006583760056,1.1499132896715507,2.028789418809774,4.754815760556521
XOM,Equities I CFD,TEST,462,529.3,5.197845514136468,3.558781615098794,0.33672011459741275,-8.511579624808919,0.4181105942692379,42.857142857142854,1.0457167126378362,0.40533390168534705,1.3521830159571055
SPCX,Equities I CFD,TRAIN,49,61.0,-58.98220904570755,-99.51894321749911,-11.80568605545482,-56.561390581626725,-1.759485440406174,24.489795918367346,0.20162550874142848,-4.824184965633879,-176.98507949057412
SPCX,Equities I CFD,TEST,17,19.2,-21.260701304404794,-98.94598592535715,-17.76516975735735,-21.342745051863176,-4.636047785086547,23.52941176470588,0.08725590787049785,-4.070666538479559,-138.68213602285937
ALVG,Equities II CFD,TRAIN,1758,2233.6,-38.28188631255228,-7.588240538964486,-0.588095668241218,-42.76490749741977,-0.1774408266736535,44.48236632536974,0.9074098106282501,-1.4543065956483523,-2.4881293559919264
ALVG,Equities II CFD,TEST,619,504.9,11.041598864614643,7.8707640820861124,0.7476285362506637,-12.313026077038526,0.6392225625805833,43.94184168012924,1.0931674271214575,0.879023752580336,1.8242509279286194
AIRF,Equities II CFD,TRAIN,1792,2249.5,-99.99987668674531,-89.02071553724919,-0.2849032082241494,-99.99991253664828,-0.8902079339781881,27.957589285714285,0.7015170847425217,-0.7070469330568374,-36.07279092656439
AIRF,Equities II CFD,TEST,596,489.0,-14.844690953110263,-11.310590960870249,-0.3160632642151329,-24.957303129087236,-0.4531976432857435,44.12751677852349,0.9618799709716809,-0.3657031596346639,-1.9044469084432232
LVMH,Equities II CFD,TRAIN,1788,2233.7,166.295978136052,17.36972915379642,1.0429011728039317,-18.18141286347591,0.9553564007497978,44.63087248322148,1.1812362387462245,2.579028922088535,5.94575478275406
LVMH,Equities II CFD,TEST,589,504.9,6.002692067075199,4.307561901506252,0.35453061295272503,-12.73841502827915,0.3381552486666127,42.78438030560272,1.0404066583995362,0.41681763207017997,1.2552825757897779
BAYGn,Equities II CFD,TRAIN,1783,2233.6,-65.4341166022721,-15.946262005105815,-0.8925230501022585,-80.42503027794028,-0.1982748648026273,42.288278182837914,0.8624422776549686,-2.207122415507646,-5.427670700935647
BAYGn,Equities II CFD,TEST,585,504.9,-22.291367111805304,-16.676297333952196,-0.9058120929565738,-24.796455532467977,-0.6725274631334542,41.36752136752136,0.8978810751927754,-1.0650189495655795,-3.918931725857569
DBKGn,Equities II CFD,TRAIN,1765,2230.8,-96.67705259501605,-42.730419451576594,-2.394382795330904,-98.22367283943811,-0.43503178222042377,39.716713881019835,0.6744218379764629,-5.917318362794011,-18.42825979512801
DBKGn,Equities II CFD,TEST,600,507.8,19.13720496850051,13.423641317247936,0.8076103416108606,-15.06805208932398,0.8908677271403155,45.0,1.0992521176096939,0.9522175467712483,3.2692555970082333
IBE,Equities II CFD,TRAIN,1812,2227.5,-98.05684874113648,-47.59591750158031,-4.5726138458391015,-98.38528957720932,-0.4837706704540286,33.99558498896248,0.47583750706220096,-11.292271659674242,-21.408307260692634
IBE,Equities II CFD,TEST,595,511.0,-11.254575816937074,-8.180424124361195,-0.791125415844069,-17.63508150910709,-0.4638722038305676,49.2436974789916,0.9119652263790264,-0.9357422699851284,-1.8862695389998312
VOWG_p,Equities II CFD,TRAIN,1761,2233.6,-6.920780366881473,-1.1659271746329969,0.07439836391113014,-63.8487071257575,-0.018260779694983752,44.29301533219762,1.0168200674971712,0.18398118159518945,0.6891505786181917
VOWG_p,Equities II CFD,TEST,611,504.9,-77.08768109417687,-65.5599828576405,-6.603707358337769,-76.83960638917497,-0.8532056050052396,38.788870703764324,0.4685181213755718,-7.764144336819877,-23.802517155388806
TTE,Equities II CFD,TRAIN,1322,1166.1,95.68592129372007,23.402692884837318,1.7247580695798566,-13.79286176319786,1.6967249644508455,45.76399394856278,1.2262528145863874,3.081753282828158,5.2718946403948115
TTE,Equities II CFD,TEST,433,364.1,26.502845239340033,26.599888899975998,1.7513285801844654,-18.5452380534165,1.4343244785189277,47.34411085450346,1.2303623081140154,1.7484793045874032,5.655470693322945
SAN,Equities II CFD,TRAIN,1207,1064.2,57.017312196892924,16.748255892715846,1.099111815747681,-18.00826923422565,0.9300314025117371,42.66777133388567,1.1472590652019086,1.8761361124481102,4.01104951214886
SAN,Equities II CFD,TEST,408,343.9,-2.1687899118552845,-2.3017611406287886,-0.052343660467116394,-18.28075094515187,-0.12591173893976304,44.6078431372549,0.9935154715731475,-0.0507920321908494,-0.20627751382991655
ADSGn,Equities II CFD,TRAIN,1397,1746.1,159.66745181061563,22.09159600496107,1.366969310038358,-16.18924022833249,1.3645851005595044,42.09019327129563,1.231142783055594,2.988848541814809,7.2366987181635105
ADSGn,Equities II CFD,TEST,504,390.0,38.66595657662684,35.82001625625504,1.3560441657756925,-9.8896241740983,3.6219795237588976,43.84920634920635,1.2189687479897253,1.401216445483306,7.101350904224793
BMW,Equities II CFD,TRAIN,1337,1158.2,68.21090691865402,17.82175921391356,1.2125840338112408,-16.87354823383992,1.0561951147993875,42.183994016454754,1.1594026615009456,2.1592758273351453,4.133356343179584
BMW,Equities II CFD,TEST,425,371.9,18.519243216177237,18.15717632575058,1.1123761416758007,-9.678092438323805,1.876111066458806,46.588235294117645,1.1480920652184792,1.1225291262677477,4.307064146232681
MBG,Equities II CFD,TRAIN,1313,1158.3,120.8793912431806,28.387644756480746,1.8177297509752002,-14.396000578639557,1.9719118932658046,44.17364813404417,1.2493849273877804,3.237018055686665,6.282581718650198
MBG,Equities II CFD,TEST,460,371.8,0.6728499747537198,0.6608792683995057,0.120418619041389,-17.56256744610577,0.03762999176672461,43.47826086956522,1.0142505555251187,0.12150069809256399,0.42930182961096086
SIEGn,Equities II CFD,TRAIN,1313,1158.3,219.52756063104744,44.2406743071871,2.410439098162631,-8.976819214428811,4.928324081215454,44.02132520944402,1.3735729151440954,4.29251646384698,9.145093405080235
SIEGn,Equities II CFD,TEST,452,371.8,60.69435181612406,59.3483934650191,2.584895342446239,-7.38845476776665,8.032585341651712,49.336283185840706,1.3934095471400663,2.608123154904207,10.885608744656695
