universe,symbol,timeframe,ma_window,split,n_trades,win_rate,profit_factor,total_return_pct,t_stat
stocks_mt5,AMD,15m,20,TRAIN,243,39.09465020576132,1.1587901310812414,23.671237817201664,0.9457539931106633
stocks_mt5,AMD,15m,20,TEST,89,42.69662921348314,1.506459463689524,34.12753265695998,1.505771101945848
stocks_mt5,AMD,15m,50,TRAIN,133,33.08270676691729,1.081897688196145,6.19692268210148,0.3726228742798343
stocks_mt5,AMD,15m,50,TEST,46,34.78260869565217,1.3511707216631772,15.755146652292584,0.8140471256141416
stocks_mt5,AMD,30m,20,TRAIN,118,47.45762711864407,1.1670921728498524,16.299239738735103,0.7206185814788696
stocks_mt5,AMD,30m,20,TEST,45,48.888888888888886,1.1658760978714025,7.55245991130109,0.46042709791653624
stocks_mt5,AMD,30m,50,TRAIN,68,27.941176470588236,0.7201034878656679,-26.09999566460549,-1.1624373984044518
stocks_mt5,AMD,30m,50,TEST,26,46.15384615384615,1.7689881987364724,26.940475269029697,1.2631867021029124
stocks_mt5,AMAT,15m,20,TRAIN,252,40.87301587301587,1.1012550640350849,11.011997532467422,0.6330218909812374
stocks_mt5,AMAT,15m,20,TEST,85,52.94117647058824,1.9807618691046232,66.50023632979823,2.4057937430930942
stocks_mt5,AMAT,15m,50,TRAIN,151,36.423841059602644,1.6232461850135464,64.10255462526035,2.0730010892532897
stocks_mt5,AMAT,15m,50,TEST,42,42.857142857142854,1.8009050493956655,32.94885300523409,1.5293676474257487
stocks_mt5,AMAT,30m,20,TRAIN,111,43.24324324324324,1.1518452124604084,10.931675915549821,0.5927532788300596
stocks_mt5,AMAT,30m,20,TEST,40,57.49999999999999,1.768043766424369,33.91651064771302,1.5289113239127734
stocks_mt5,AMAT,30m,50,TRAIN,72,27.77777777777778,0.9410770631217252,-5.986326552401733,-0.21888365047071043
stocks_mt5,AMAT,30m,50,TEST,22,31.818181818181817,1.1113361711795873,2.219763820778864,0.20319553714536115
stocks_mt5,AVGO,15m,20,TRAIN,256,45.703125,1.3432702960166458,45.8748035769859,1.9576641223207099
stocks_mt5,AVGO,15m,20,TEST,80,53.75,2.0491886163483146,38.73309981725623,2.6034889430975823
stocks_mt5,AVGO,15m,50,TRAIN,143,31.46853146853147,1.3536022804161187,33.29883241422571,1.335655014513049
stocks_mt5,AVGO,15m,50,TEST,46,43.47826086956522,1.6274013831356953,17.422625474716135,1.364182829947406
stocks_mt5,AVGO,30m,20,TRAIN,110,41.81818181818181,1.1084892305044836,7.813903832163405,0.4669110869132001
stocks_mt5,AVGO,30m,20,TEST,42,47.61904761904761,1.5153767974504355,16.523021744792388,0.8449336101224598
stocks_mt5,AVGO,30m,50,TRAIN,63,34.92063492063492,1.2952750336774428,17.655725258619427,0.8542556910493924
stocks_mt5,AVGO,30m,50,TEST,22,27.27272727272727,1.1872873589740824,3.215547329521562,0.2508734811212091
stocks_mt5,INTC,15m,20,TRAIN,245,42.857142857142854,1.5237327696529828,118.11019845826758,2.1041464394240035
stocks_mt5,INTC,15m,20,TEST,87,47.12643678160919,1.6324159371699387,51.58465799396683,1.9238942009864197
stocks_mt5,INTC,15m,50,TRAIN,142,35.2112676056338,1.174216053327907,19.16643284030688,0.8036489684907567
stocks_mt5,INTC,15m,50,TEST,42,30.952380952380953,1.4016874597498985,18.112160282457857,0.8317456938491895
stocks_mt5,INTC,30m,20,TRAIN,121,41.32231404958678,1.206958441621351,22.61028039156361,0.6956031784875004
stocks_mt5,INTC,30m,20,TEST,37,37.83783783783784,0.8445979302220108,-10.471773163053077,-0.4738286182319164
stocks_mt5,INTC,30m,50,TRAIN,65,36.92307692307693,1.1584204061663828,10.568396676653258,0.48312142189113705
stocks_mt5,INTC,30m,50,TEST,26,38.46153846153847,1.228940129981069,8.236969491299151,0.456253561657334
stocks_mt5,MU,15m,20,TRAIN,259,44.01544401544402,1.5040253275616695,122.41284052203466,2.480468374661368
stocks_mt5,MU,15m,20,TEST,91,41.75824175824176,1.5144799113827578,44.9268416957699,1.488457841061232
stocks_mt5,MU,15m,50,TRAIN,127,31.496062992125985,1.102359060020403,8.612039089312118,0.44116201642844427
stocks_mt5,MU,15m,50,TEST,47,31.914893617021278,1.3771890072817954,20.94841835467298,0.875080035240273
stocks_mt5,MU,30m,20,TRAIN,109,36.69724770642202,0.8237679949940392,-24.350520454271376,-0.9097938718784082
stocks_mt5,MU,30m,20,TEST,38,47.368421052631575,1.0879674542049387,2.727090504374985,0.22718272907852527
stocks_mt5,MU,30m,50,TRAIN,69,27.536231884057973,0.9673185248617483,-8.811855738673124,-0.10906868835689455
stocks_mt5,MU,30m,50,TEST,21,23.809523809523807,0.7060169960635585,-15.084573494612584,-0.6997799084492725
stocks_mt5,NVDA,15m,20,TRAIN,268,45.149253731343286,1.3230476875188104,36.319705414030025,1.938976271387247
stocks_mt5,NVDA,15m,20,TEST,83,38.55421686746988,1.0518873681747238,1.4643891711226154,0.19446026981506956
stocks_mt5,NVDA,15m,50,TRAIN,127,29.133858267716533,1.0958261500403434,5.379498171122377,0.4023605955017575
stocks_mt5,NVDA,15m,50,TEST,48,22.916666666666664,0.7219213690594062,-8.649758287379738,-0.9594858550857998
stocks_mt5,NVDA,30m,20,TRAIN,112,49.107142857142854,1.5415791830541234,39.66811425669749,1.972290793467302
stocks_mt5,NVDA,30m,20,TEST,40,37.5,1.026901153229775,0.2488128808499468,0.07557268282409901
stocks_mt5,NVDA,30m,50,TRAIN,72,36.11111111111111,1.219445101691639,11.50495145289161,0.7158056019778363
stocks_mt5,NVDA,30m,50,TEST,23,39.130434782608695,1.6242269365618938,11.087118053831135,0.9204034319802226
stocks_mt5,QCOM,15m,20,TRAIN,260,45.76923076923077,1.2516598938508088,27.215280274774933,1.442198123070862
stocks_mt5,QCOM,15m,20,TEST,93,52.68817204301075,1.5790889276492854,33.426802468527804,1.6876921376200578
stocks_mt5,QCOM,15m,50,TRAIN,136,30.88235294117647,0.9328700545670977,-6.24166292945918,-0.3221055212095735
stocks_mt5,QCOM,15m,50,TEST,46,26.08695652173913,0.8358771820827021,-7.645995159687868,-0.4619077660230781
stocks_mt5,QCOM,30m,20,TRAIN,119,43.69747899159664,1.3755553386549662,28.94239389325357,1.2361353718763348
stocks_mt5,QCOM,30m,20,TEST,39,35.8974358974359,0.8567868750480649,-7.965246424362404,-0.42263014500250157
stocks_mt5,QCOM,30m,50,TRAIN,70,27.142857142857142,0.8698773652216459,-10.02000657175336,-0.43660630523989213
stocks_mt5,QCOM,30m,50,TEST,25,32.0,1.111454317454652,2.20252915729644,0.20215565436383867
stocks_mt5,TSM,15m,20,TRAIN,270,40.74074074074074,1.0019681902772979,-0.7617725805226017,0.013337642253105452
stocks_mt5,TSM,15m,20,TEST,94,50.0,1.298632939968392,5.257348687806718,1.0716364163551348
stocks_mt5,TSM,15m,50,TRAIN,148,42.567567567567565,1.6330585269967857,42.150001430180104,2.4971005098932615
stocks_mt5,TSM,15m,50,TEST,54,44.44444444444444,1.4025863599459625,4.957702765102545,1.0555145932642145
stocks_mt5,TSM,30m,20,TRAIN,130,43.84615384615385,1.154015797786473,8.715618916359901,0.6932626521667765
stocks_mt5,TSM,30m,20,TEST,41,51.21951219512195,1.7503297658472659,7.764468654267587,1.4898563371500284
stocks_mt5,TSM,30m,50,TRAIN,66,39.39393939393939,1.2569351274978247,9.393988036470935,0.8020859322228836
stocks_mt5,TSM,30m,50,TEST,25,44.0,1.6999052652602604,5.350653586137688,1.146030909577932
indices_tv,SP500,15m,20,TRAIN,58,37.93103448275862,0.47490915124469624,-2.2018538974869273,-2.518988547766643
indices_tv,SP500,15m,20,TEST,24,41.66666666666667,1.0548422984562629,0.09986687281682283,0.11372117343025569
indices_tv,SP500,15m,50,TRAIN,41,29.268292682926827,0.5689291148430776,-1.538464098887582,-1.6913282771460152
indices_tv,SP500,15m,50,TEST,11,54.54545454545454,1.4165567804861336,0.3714795453555686,0.5326458169910807
indices_tv,SP500,30m,20,TRAIN,36,33.33333333333333,0.5188529789701652,-1.7511051904876451,-1.8464830211183272
indices_tv,SP500,30m,20,TEST,10,60.0,1.9128178395124633,0.7398304326803329,0.9128928950824862
indices_tv,SP500,30m,50,TRAIN,14,21.428571428571427,0.354594964673722,-1.2081618842745279,-1.8126684004382057
indices_tv,SP500,30m,50,TEST,4,50.0,1.0833567152332484,0.04980897833204434,0.0662433914562284
indices_tv,NAS100,15m,20,TRAIN,62,38.70967741935484,0.8537796551576722,-1.0849828510026582,-0.5368253918542137
indices_tv,NAS100,15m,20,TEST,20,60.0,2.0450356808782533,1.6797619388282614,1.3648530708287487
indices_tv,NAS100,15m,50,TRAIN,31,32.25806451612903,0.9934300560304613,-0.05027011350722255,-0.01611979913219439
indices_tv,NAS100,15m,50,TEST,10,60.0,1.9472752478510653,1.1369111612036464,0.9296396092777186
indices_tv,NAS100,30m,20,TRAIN,31,41.935483870967744,1.0804408434536679,0.3616865085071197,0.18994021372861006
indices_tv,NAS100,30m,20,TEST,9,77.77777777777779,3.400618474471166,2.126622374904974,1.6335864607856778
indices_tv,NAS100,30m,50,TRAIN,18,38.88888888888889,1.0571799131803503,0.18011142060732066,0.1065193994181611
indices_tv,NAS100,30m,50,TEST,4,50.0,1.4354256264987264,0.387452338726213,0.304781290388844
indices_tv,US30,15m,20,TRAIN,61,42.62295081967213,0.5595607710558783,-1.8513332393980675,-2.011837674791585
indices_tv,US30,15m,20,TEST,22,40.909090909090914,0.8627500971438099,-0.1879351090205872,-0.2791826334138271
indices_tv,US30,15m,50,TRAIN,37,37.83783783783784,0.819298107979052,-0.5449027642642879,-0.5273901597449328
indices_tv,US30,15m,50,TEST,12,66.66666666666666,1.97719827817551,0.7869268989350697,1.0275106683767747
indices_tv,US30,30m,20,TRAIN,31,38.70967741935484,0.6696151674688556,-0.8314628036180993,-0.9844992147609855
indices_tv,US30,30m,20,TEST,11,81.81818181818183,6.716220712466075,1.7598880930601357,2.6268151067548637
indices_tv,US30,30m,50,TRAIN,18,50.0,1.2986195906025666,0.5449912481901631,0.46076600250213284
indices_tv,US30,30m,50,TEST,6,83.33333333333334,6.641220472865475,1.4594172448908038,2.2938685513871664
indices_tv,UK100,15m,20,TRAIN,70,41.42857142857143,0.6711192681944091,-1.8776771097845923,-1.483201106003788
indices_tv,UK100,15m,20,TEST,21,52.38095238095239,1.3973315556326338,0.5635111479638244,0.6798545717040544
indices_tv,UK100,15m,50,TRAIN,35,57.14285714285714,1.7738609121427755,1.903399877140144,1.559622391336476
indices_tv,UK100,15m,50,TEST,18,44.44444444444444,0.8753142718928425,-0.21895459481985347,-0.257841545692289
indices_tv,UK100,30m,20,TRAIN,29,48.275862068965516,1.5635883275442288,1.4902203715854379,1.0261623065855525
indices_tv,UK100,30m,20,TEST,13,61.53846153846154,1.077419784472227,0.0888714936732038,0.12225280773533155
indices_tv,UK100,30m,50,TRAIN,15,73.33333333333333,4.866587461402063,3.4063939215921213,2.736391048525314
indices_tv,UK100,30m,50,TEST,7,14.285714285714285,0.2775664931676979,-1.0528970903943113,-1.6059829966822818
indices_tv,JPN225,15m,20,TRAIN,63,38.095238095238095,0.8771993215126963,-1.518792936773583,-0.46501880592942313
indices_tv,JPN225,15m,20,TEST,22,50.0,0.9582932175041002,-0.15760261415003196,-0.08736258684917156
indices_tv,JPN225,15m,50,TRAIN,33,51.515151515151516,1.5993441232863268,4.088811743292986,1.1931611620670057
indices_tv,JPN225,15m,50,TEST,14,71.42857142857143,3.4819090847686844,3.6711392918304497,1.978274684960444
indices_tv,JPN225,30m,20,TRAIN,32,53.125,1.3391303886156793,2.3797194818837797,0.7569762197773436
indices_tv,JPN225,30m,20,TEST,13,53.84615384615385,1.4105489300877625,1.046483443938051,0.5260711734256354
indices_tv,JPN225,30m,50,TRAIN,13,23.076923076923077,0.4958691224433643,-2.4067617464476387,-1.1822662549124183
indices_tv,JPN225,30m,50,TEST,4,50.0,1.9169612743165096,0.9489211568104006,0.5387164282123122
indices_tv,AUS200,15m,20,TRAIN,55,40.0,0.7443302900853465,-1.3440354091160067,-1.0025823213948089
indices_tv,AUS200,15m,20,TEST,21,38.095238095238095,0.6344624896128521,-0.7679936954445243,-0.964671501645477
indices_tv,AUS200,15m,50,TRAIN,31,35.483870967741936,0.9779758174976589,-0.07923109553785723,-0.05707163728875477
indices_tv,AUS200,15m,50,TEST,13,30.76923076923077,0.491399920297586,-0.9345191946013021,-1.163906177005933
indices_tv,AUS200,30m,20,TRAIN,31,38.70967741935484,0.507924728099579,-2.09311993218404,-1.8112920784953943
indices_tv,AUS200,30m,20,TEST,10,30.0,0.45079434152013315,-0.9555374311070675,-1.1811546254219862
indices_tv,AUS200,30m,50,TRAIN,18,38.88888888888889,1.0743477315826975,0.18734897996757205,0.13936260142007695
indices_tv,AUS200,30m,50,TEST,7,28.57142857142857,0.5604198653082817,-0.6297992330238644,-0.7080242559211836
indices_tv,FRA40,15m,20,TRAIN,63,38.095238095238095,0.67812270690396,-2.254795312131397,-1.324228553790327
indices_tv,FRA40,15m,20,TEST,21,14.285714285714285,0.15185666645108267,-2.272096749472907,-4.136125208390859
indices_tv,FRA40,15m,50,TRAIN,31,35.483870967741936,0.650216549075047,-1.6394399344879296,-1.1155049566459856
indices_tv,FRA40,15m,50,TEST,16,37.5,0.6972989568775945,-0.5970900750732699,-0.6861662233325908
indices_tv,FRA40,30m,20,TRAIN,27,48.148148148148145,0.8549139954699734,-0.6060688110379742,-0.38280246133343765
indices_tv,FRA40,30m,20,TEST,11,45.45454545454545,0.624037130323492,-0.5954263833865769,-0.7275922322791292
indices_tv,FRA40,30m,50,TRAIN,18,16.666666666666664,0.4163793378595726,-2.4986213068611596,-1.6213507780872722
indices_tv,FRA40,30m,50,TEST,6,50.0,0.808412735647992,-0.18656794139165767,-0.23308638217635852
